DATAFLOW,LAST UPDATE,freq,unit,tra_meas,tra_cov,schedule,geo,TIME_PERIOD,OBS_VALUE,OBS_FLAG
ESTAT:AVIA_PAOC(1.0),16/10/23 11:00:00,Q,PAS,PAS_CRD,TOTAL,TOT,AT,2018-Q1,6246913,
ESTAT:AVIA_PAOC(1.0),16/10/23 11:00:00,Q,PAS,PAS_CRD,TOTAL,TOT,AT,2018-Q2,7850540,
ESTAT:AVIA_PAOC(1.0),16/10/23 11:00:00,Q,PAS,PAS_CRD,TOTAL,TOT,AT,2018-Q3,9257094,
ESTAT:AVIA_PAOC(1.0),16/10/23 11:00:00,Q,PAS,PAS_CRD,TOTAL,TOT,AT,2018-Q4,7783870,
ESTAT:AVIA_PAOC(1.0),16/10/23 11:00:00,Q,PAS,PAS_CRD,TOTAL,TOT,AT,2019-Q1,7506764,
ESTAT:AVIA_PAOC(1.0),16/10/23 11:00:00,Q,PAS,PAS_CRD,TOTAL,TOT,AT,2019-Q2,9331059,
ESTAT:AVIA_PAOC(1.0),16/10/23 11:00:00,Q,PAS,PAS_CRD,TOTAL,TOT,AT,2019-Q3,10322000,
ESTAT:AVIA_PAOC(1.0),16/10/23 11:00:00,Q,PAS,PAS_CRD,TOTAL,TOT,AT,2019-Q4,8484365,
ESTAT:AVIA_PAOC(1.0),16/10/23 11:00:00,Q,PAS,PAS_CRD,TOTAL,TOT,AT,2020-Q1,6103353,
ESTAT:AVIA_PAOC(1.0),16/10/23 11:00:00,Q,PAS,PAS_CRD,TOTAL,TOT,AT,2020-Q2,175696,
ESTAT:AVIA_PAOC(1.0),16/10/23 11:00:00,Q,PAS,PAS_CRD,TOTAL,TOT,AT,2020-Q3,2071996,
ESTAT:AVIA_PAOC(1.0),16/10/23 11:00:00,Q,PAS,PAS_CRD,TOTAL,TOT,AT,2020-Q4,817386,
ESTAT:AVIA_PAOC(1.0),16/10/23 11:00:00,Q,PAS,PAS_CRD,TOTAL,TOT,AT,2021-Q1,576572,
ESTAT:AVIA_PAOC(1.0),16/10/23 11:00:00,Q,PAS,PAS_CRD,TOTAL,TOT,AT,2021-Q2,1430549,
ESTAT:AVIA_PAOC(1.0),16/10/23 11:00:00,Q,PAS,PAS_CRD,TOTAL,TOT,AT,2021-Q3,5214865,
ESTAT:AVIA_PAOC(1.0),16/10/23 11:00:00,Q,PAS,PAS_CRD,TOTAL,TOT,AT,2021-Q4,3883578,
ESTAT:AVIA_PAOC(1.0),16/10/23 11:00:00,Q,PAS,PAS_CRD,TOTAL,TOT,AT,2022-Q1,3714829,
ESTAT:AVIA_PAOC(1.0),16/10/23 11:00:00,Q,PAS,PAS_CRD,TOTAL,TOT,AT,2022-Q2,6912957,
ESTAT:AVIA_PAOC(1.0),16/10/23 11:00:00,Q,PAS,PAS_CRD,TOTAL,TOT,AT,2022-Q3,8935365,
ESTAT:AVIA_PAOC(1.0),16/10/23 11:00:00,Q,PAS,PAS_CRD,TOTAL,TOT,AT,2022-Q4,6818029,
ESTAT:AVIA_PAOC(1.0),16/10/23 11:00:00,Q,PAS,PAS_CRD,TOTAL,TOT,AT,2023-Q1,6523172,
ESTAT:AVIA_PAOC(1.0),16/10/23 11:00:00,Q,PAS,PAS_CRD,TOTAL,TOT,AT,2023-Q2,8722698,
ESTAT:AVIA_PAOC(1.0),16/10/23 11:00:00,Q,PAS,PAS_CRD,TOTAL,TOT,BE,2018-Q1,6975617,
ESTAT:AVIA_PAOC(1.0),16/10/23 11:00:00,Q,PAS,PAS_CRD,TOTAL,TOT,BE,2018-Q2,9265329,
ESTAT:AVIA_PAOC(1.0),16/10/23 11:00:00,Q,PAS,PAS_CRD,TOTAL,TOT,BE,2018-Q3,10311612,
ESTAT:AVIA_PAOC(1.0),16/10/23 11:00:00,Q,PAS,PAS_CRD,TOTAL,TOT,BE,2018-Q4,7953751,
ESTAT:AVIA_PAOC(1.0),16/10/23 11:00:00,Q,PAS,PAS_CRD,TOTAL,TOT,BE,2019-Q1,7084409,
ESTAT:AVIA_PAOC(1.0),16/10/23 11:00:00,Q,PAS,PAS_CRD,TOTAL,TOT,BE,2019-Q2,9468243,
ESTAT:AVIA_PAOC(1.0),16/10/23 11:00:00,Q,PAS,PAS_CRD,TOTAL,TOT,BE,2019-Q3,10546237,
ESTAT:AVIA_PAOC(1.0),16/10/23 11:00:00,Q,PAS,PAS_CRD,TOTAL,TOT,BE,2019-Q4,8286299,
ESTAT:AVIA_PAOC(1.0),16/10/23 11:00:00,Q,PAS,PAS_CRD,TOTAL,TOT,BE,2020-Q1,5744430,
ESTAT:AVIA_PAOC(1.0),16/10/23 11:00:00,Q,PAS,PAS_CRD,TOTAL,TOT,BE,2020-Q2,150256,
ESTAT:AVIA_PAOC(1.0),16/10/23 11:00:00,Q,PAS,PAS_CRD,TOTAL,TOT,BE,2020-Q3,2310929,
ESTAT:AVIA_PAOC(1.0),16/10/23 11:00:00,Q,PAS,PAS_CRD,TOTAL,TOT,BE,2020-Q4,1260213,
ESTAT:AVIA_PAOC(1.0),16/10/23 11:00:00,Q,PAS,PAS_CRD,TOTAL,TOT,BE,2021-Q1,763265,
ESTAT:AVIA_PAOC(1.0),16/10/23 11:00:00,Q,PAS,PAS_CRD,TOTAL,TOT,BE,2021-Q2,1744345,
ESTAT:AVIA_PAOC(1.0),16/10/23 11:00:00,Q,PAS,PAS_CRD,TOTAL,TOT,BE,2021-Q3,5948192,
ESTAT:AVIA_PAOC(1.0),16/10/23 11:00:00,Q,PAS,PAS_CRD,TOTAL,TOT,BE,2021-Q4,5044218,
ESTAT:AVIA_PAOC(1.0),16/10/23 11:00:00,Q,PAS,PAS_CRD,TOTAL,TOT,BE,2022-Q1,4194140,
ESTAT:AVIA_PAOC(1.0),16/10/23 11:00:00,Q,PAS,PAS_CRD,TOTAL,TOT,BE,2022-Q2,7440936,
ESTAT:AVIA_PAOC(1.0),16/10/23 11:00:00,Q,PAS,PAS_CRD,TOTAL,TOT,BE,2022-Q3,9227123,
ESTAT:AVIA_PAOC(1.0),16/10/23 11:00:00,Q,PAS,PAS_CRD,TOTAL,TOT,BE,2022-Q4,7011693,
ESTAT:AVIA_PAOC(1.0),16/10/23 11:00:00,Q,PAS,PAS_CRD,TOTAL,TOT,BE,2023-Q1,6343294,
ESTAT:AVIA_PAOC(1.0),16/10/23 11:00:00,Q,PAS,PAS_CRD,TOTAL,TOT,BE,2023-Q2,8675007,
ESTAT:AVIA_PAOC(1.0),16/10/23 11:00:00,Q,PAS,PAS_CRD,TOTAL,TOT,BG,2018-Q1,1664128,
ESTAT:AVIA_PAOC(1.0),16/10/23 11:00:00,Q,PAS,PAS_CRD,TOTAL,TOT,BG,2018-Q2,3192112,
ESTAT:AVIA_PAOC(1.0),16/10/23 11:00:00,Q,PAS,PAS_CRD,TOTAL,TOT,BG,2018-Q3,5448973,
ESTAT:AVIA_PAOC(1.0),16/10/23 11:00:00,Q,PAS,PAS_CRD,TOTAL,TOT,BG,2018-Q4,1832501,
ESTAT:AVIA_PAOC(1.0),16/10/23 11:00:00,Q,PAS,PAS_CRD,TOTAL,TOT,BG,2019-Q1,1725247,
ESTAT:AVIA_PAOC(1.0),16/10/23 11:00:00,Q,PAS,PAS_CRD,TOTAL,TOT,BG,2019-Q2,3010693,
ESTAT:AVIA_PAOC(1.0),16/10/23 11:00:00,Q,PAS,PAS_CRD,TOTAL,TOT,BG,2019-Q3,5042636,
ESTAT:AVIA_PAOC(1.0),16/10/23 11:00:00,Q,PAS,PAS_CRD,TOTAL,TOT,BG,2019-Q4,1934492,
ESTAT:AVIA_PAOC(1.0),16/10/23 11:00:00,Q,PAS,PAS_CRD,TOTAL,TOT,BG,2020-Q1,1509581,
ESTAT:AVIA_PAOC(1.0),16/10/23 11:00:00,Q,PAS,PAS_CRD,TOTAL,TOT,BG,2020-Q2,263677,
ESTAT:AVIA_PAOC(1.0),16/10/23 11:00:00,Q,PAS,PAS_CRD,TOTAL,TOT,BG,2020-Q3,1386775,
ESTAT:AVIA_PAOC(1.0),16/10/23 11:00:00,Q,PAS,PAS_CRD,TOTAL,TOT,BG,2020-Q4,568984,
ESTAT:AVIA_PAOC(1.0),16/10/23 11:00:00,Q,PAS,PAS_CRD,TOTAL,TOT,BG,2021-Q1,432763,
ESTAT:AVIA_PAOC(1.0),16/10/23 11:00:00,Q,PAS,PAS_CRD,TOTAL,TOT,BG,2021-Q2,799045,
ESTAT:AVIA_PAOC(1.0),16/10/23 11:00:00,Q,PAS,PAS_CRD,TOTAL,TOT,BG,2021-Q3,2646631,
ESTAT:AVIA_PAOC(1.0),16/10/23 11:00:00,Q,PAS,PAS_CRD,TOTAL,TOT,BG,2021-Q4,1169438,
ESTAT:AVIA_PAOC(1.0),16/10/23 11:00:00,Q,PAS,PAS_CRD,TOTAL,TOT,BG,2022-Q1,1116987,
ESTAT:AVIA_PAOC(1.0),16/10/23 11:00:00,Q,PAS,PAS_CRD,TOTAL,TOT,BG,2022-Q2,2229967,
ESTAT:AVIA_PAOC(1.0),16/10/23 11:00:00,Q,PAS,PAS_CRD,TOTAL,TOT,BG,2022-Q3,3619710,
ESTAT:AVIA_PAOC(1.0),16/10/23 11:00:00,Q,PAS,PAS_CRD,TOTAL,TOT,BG,2022-Q4,1840838,
ESTAT:AVIA_PAOC(1.0),16/10/23 11:00:00,Q,PAS,PAS_CRD,TOTAL,TOT,BG,2023-Q1,1802111,
ESTAT:AVIA_PAOC(1.0),16/10/23 11:00:00,Q,PAS,PAS_CRD,TOTAL,TOT,CH,2018-Q1,12233762,
ESTAT:AVIA_PAOC(1.0),16/10/23 11:00:00,Q,PAS,PAS_CRD,TOTAL,TOT,CH,2018-Q2,14559441,
ESTAT:AVIA_PAOC(1.0),16/10/23 11:00:00,Q,PAS,PAS_CRD,TOTAL,TOT,CH,2018-Q3,16149934,
ESTAT:AVIA_PAOC(1.0),16/10/23 11:00:00,Q,PAS,PAS_CRD,TOTAL,TOT,CH,2018-Q4,13196412,
ESTAT:AVIA_PAOC(1.0),16/10/23 11:00:00,Q,PAS,PAS_CRD,TOTAL,TOT,CH,2019-Q1,12659342,
ESTAT:AVIA_PAOC(1.0),16/10/23 11:00:00,Q,PAS,PAS_CRD,TOTAL,TOT,CH,2019-Q2,14962859,
ESTAT:AVIA_PAOC(1.0),16/10/23 11:00:00,Q,PAS,PAS_CRD,TOTAL,TOT,CH,2019-Q3,16315057,
ESTAT:AVIA_PAOC(1.0),16/10/23 11:00:00,Q,PAS,PAS_CRD,TOTAL,TOT,CH,2019-Q4,13257070,
ESTAT:AVIA_PAOC(1.0),16/10/23 11:00:00,Q,PAS,PAS_CRD,TOTAL,TOT,CH,2020-Q1,9835108,
ESTAT:AVIA_PAOC(1.0),16/10/23 11:00:00,Q,PAS,PAS_CRD,TOTAL,TOT,CH,2020-Q2,363077,
ESTAT:AVIA_PAOC(1.0),16/10/23 11:00:00,Q,PAS,PAS_CRD,TOTAL,TOT,CH,2020-Q3,3939291,
ESTAT:AVIA_PAOC(1.0),16/10/23 11:00:00,Q,PAS,PAS_CRD,TOTAL,TOT,CH,2020-Q4,1869335,
ESTAT:AVIA_PAOC(1.0),16/10/23 11:00:00,Q,PAS,PAS_CRD,TOTAL,TOT,CH,2021-Q1,1282199,
ESTAT:AVIA_PAOC(1.0),16/10/23 11:00:00,Q,PAS,PAS_CRD,TOTAL,TOT,CH,2021-Q2,2500119,
ESTAT:AVIA_PAOC(1.0),16/10/23 11:00:00,Q,PAS,PAS_CRD,TOTAL,TOT,CH,2021-Q3,8217886,
ESTAT:AVIA_PAOC(1.0),16/10/23 11:00:00,Q,PAS,PAS_CRD,TOTAL,TOT,CH,2021-Q4,7109504,
ESTAT:AVIA_PAOC(1.0),16/10/23 11:00:00,Q,PAS,PAS_CRD,TOTAL,TOT,CH,2022-Q1,6844403,
ESTAT:AVIA_PAOC(1.0),16/10/23 11:00:00,Q,PAS,PAS_CRD,TOTAL,TOT,CH,2022-Q2,11142576,
ESTAT:AVIA_PAOC(1.0),16/10/23 11:00:00,Q,PAS,PAS_CRD,TOTAL,TOT,CH,2022-Q3,13350994,
ESTAT:AVIA_PAOC(1.0),16/10/23 11:00:00,Q,PAS,PAS_CRD,TOTAL,TOT,CH,2022-Q4,11086209,
ESTAT:AVIA_PAOC(1.0),16/10/23 11:00:00,Q,PAS,PAS_CRD,TOTAL,TOT,CH,2023-Q1,10667309,
ESTAT:AVIA_PAOC(1.0),16/10/23 11:00:00,Q,PAS,PAS_CRD,TOTAL,TOT,CH,2023-Q2,13440094,
ESTAT:AVIA_PAOC(1.0),16/10/23 11:00:00,Q,PAS,PAS_CRD,TOTAL,TOT,CY,2018-Q1,1332913,
ESTAT:AVIA_PAOC(1.0),16/10/23 11:00:00,Q,PAS,PAS_CRD,TOTAL,TOT,CY,2018-Q2,3185189,
ESTAT:AVIA_PAOC(1.0),16/10/23 11:00:00,Q,PAS,PAS_CRD,TOTAL,TOT,CY,2018-Q3,4199297,
ESTAT:AVIA_PAOC(1.0),16/10/23 11:00:00,Q,PAS,PAS_CRD,TOTAL,TOT,CY,2018-Q4,2209702,
ESTAT:AVIA_PAOC(1.0),16/10/23 11:00:00,Q,PAS,PAS_CRD,TOTAL,TOT,CY,2019-Q1,1396069,
ESTAT:AVIA_PAOC(1.0),16/10/23 11:00:00,Q,PAS,PAS_CRD,TOTAL,TOT,CY,2019-Q2,3286842,
ESTAT:AVIA_PAOC(1.0),16/10/23 11:00:00,Q,PAS,PAS_CRD,TOTAL,TOT,CY,2019-Q3,4240507,
ESTAT:AVIA_PAOC(1.0),16/10/23 11:00:00,Q,PAS,PAS_CRD,TOTAL,TOT,CY,2019-Q4,2337992,
ESTAT:AVIA_PAOC(1.0),16/10/23 11:00:00,Q,PAS,PAS_CRD,TOTAL,TOT,CY,2020-Q1,1136241,
ESTAT:AVIA_PAOC(1.0),16/10/23 11:00:00,Q,PAS,PAS_CRD,TOTAL,TOT,CY,2020-Q2,56792,
ESTAT:AVIA_PAOC(1.0),16/10/23 11:00:00,Q,PAS,PAS_CRD,TOTAL,TOT,CY,2020-Q3,737648,
ESTAT:AVIA_PAOC(1.0),16/10/23 11:00:00,Q,PAS,PAS_CRD,TOTAL,TOT,CY,2020-Q4,339896,
ESTAT:AVIA_PAOC(1.0),16/10/23 11:00:00,Q,PAS,PAS_CRD,TOTAL,TOT,CY,2021-Q1,120807,
ESTAT:AVIA_PAOC(1.0),16/10/23 11:00:00,Q,PAS,PAS_CRD,TOTAL,TOT,CY,2021-Q2,796088,
ESTAT:AVIA_PAOC(1.0),16/10/23 11:00:00,Q,PAS,PAS_CRD,TOTAL,TOT,CY,2021-Q3,2410022,
ESTAT:AVIA_PAOC(1.0),16/10/23 11:00:00,Q,PAS,PAS_CRD,TOTAL,TOT,CY,2021-Q4,1772787,
ESTAT:AVIA_PAOC(1.0),16/10/23 11:00:00,Q,PAS,PAS_CRD,TOTAL,TOT,CY,2022-Q1,746732,
ESTAT:AVIA_PAOC(1.0),16/10/23 11:00:00,Q,PAS,PAS_CRD,TOTAL,TOT,CY,2022-Q2,2436807,
ESTAT:AVIA_PAOC(1.0),16/10/23 11:00:00,Q,PAS,PAS_CRD,TOTAL,TOT,CY,2022-Q3,3402187,
ESTAT:AVIA_PAOC(1.0),16/10/23 11:00:00,Q,PAS,PAS_CRD,TOTAL,TOT,CY,2022-Q4,2027745,
ESTAT:AVIA_PAOC(1.0),16/10/23 11:00:00,Q,PAS,PAS_CRD,TOTAL,TOT,CY,2023-Q1,1522353,
ESTAT:AVIA_PAOC(1.0),16/10/23 11:00:00,Q,PAS,PAS_CRD,TOTAL,TOT,CY,2023-Q2,3292340,
ESTAT:AVIA_PAOC(1.0),16/10/23 11:00:00,Q,PAS,PAS_CRD,TOTAL,TOT,CY,2023-Q3,4300943,
ESTAT:AVIA_PAOC(1.0),16/10/23 11:00:00,Q,PAS,PAS_CRD,TOTAL,TOT,CZ,2018-Q1,3173342,
ESTAT:AVIA_PAOC(1.0),16/10/23 11:00:00,Q,PAS,PAS_CRD,TOTAL,TOT,CZ,2018-Q2,4649334,
ESTAT:AVIA_PAOC(1.0),16/10/23 11:00:00,Q,PAS,PAS_CRD,TOTAL,TOT,CZ,2018-Q3,6057429,
ESTAT:AVIA_PAOC(1.0),16/10/23 11:00:00,Q,PAS,PAS_CRD,TOTAL,TOT,CZ,2018-Q4,3958116,
ESTAT:AVIA_PAOC(1.0),16/10/23 11:00:00,Q,PAS,PAS_CRD,TOTAL,TOT,CZ,2019-Q1,3279804,
ESTAT:AVIA_PAOC(1.0),16/10/23 11:00:00,Q,PAS,PAS_CRD,TOTAL,TOT,CZ,2019-Q2,4883792,
ESTAT:AVIA_PAOC(1.0),16/10/23 11:00:00,Q,PAS,PAS_CRD,TOTAL,TOT,CZ,2019-Q3,6343994,
ESTAT:AVIA_PAOC(1.0),16/10/23 11:00:00,Q,PAS,PAS_CRD,TOTAL,TOT,CZ,2019-Q4,4259498,
ESTAT:AVIA_PAOC(1.0),16/10/23 11:00:00,Q,PAS,PAS_CRD,TOTAL,TOT,CZ,2020-Q1,2570870,
ESTAT:AVIA_PAOC(1.0),16/10/23 11:00:00,Q,PAS,PAS_CRD,TOTAL,TOT,CZ,2020-Q2,49730,
ESTAT:AVIA_PAOC(1.0),16/10/23 11:00:00,Q,PAS,PAS_CRD,TOTAL,TOT,CZ,2020-Q3,909637,
ESTAT:AVIA_PAOC(1.0),16/10/23 11:00:00,Q,PAS,PAS_CRD,TOTAL,TOT,CZ,2020-Q4,291135,
ESTAT:AVIA_PAOC(1.0),16/10/23 11:00:00,Q,PAS,PAS_CRD,TOTAL,TOT,CZ,2021-Q1,256623,
ESTAT:AVIA_PAOC(1.0),16/10/23 11:00:00,Q,PAS,PAS_CRD,TOTAL,TOT,CZ,2021-Q2,574237,
ESTAT:AVIA_PAOC(1.0),16/10/23 11:00:00,Q,PAS,PAS_CRD,TOTAL,TOT,CZ,2021-Q3,2214676,
ESTAT:AVIA_PAOC(1.0),16/10/23 11:00:00,Q,PAS,PAS_CRD,TOTAL,TOT,CZ,2021-Q4,1709624,
ESTAT:AVIA_PAOC(1.0),16/10/23 11:00:00,Q,PAS,PAS_CRD,TOTAL,TOT,CZ,2022-Q1,1422561,
ESTAT:AVIA_PAOC(1.0),16/10/23 11:00:00,Q,PAS,PAS_CRD,TOTAL,TOT,CZ,2022-Q2,3063002,
ESTAT:AVIA_PAOC(1.0),16/10/23 11:00:00,Q,PAS,PAS_CRD,TOTAL,TOT,CZ,2022-Q3,4378504,
ESTAT:AVIA_PAOC(1.0),16/10/23 11:00:00,Q,PAS,PAS_CRD,TOTAL,TOT,CZ,2022-Q4,2668583,
ESTAT:AVIA_PAOC(1.0),16/10/23 11:00:00,Q,PAS,PAS_CRD,TOTAL,TOT,CZ,2023-Q1,2282885,
ESTAT:AVIA_PAOC(1.0),16/10/23 11:00:00,Q,PAS,PAS_CRD,TOTAL,TOT,DE,2018-Q1,43345964,
ESTAT:AVIA_PAOC(1.0),16/10/23 11:00:00,Q,PAS,PAS_CRD,TOTAL,TOT,DE,2018-Q2,58454885,
ESTAT:AVIA_PAOC(1.0),16/10/23 11:00:00,Q,PAS,PAS_CRD,TOTAL,TOT,DE,2018-Q3,67253261,
ESTAT:AVIA_PAOC(1.0),16/10/23 11:00:00,Q,PAS,PAS_CRD,TOTAL,TOT,DE,2018-Q4,53368251,
ESTAT:AVIA_PAOC(1.0),16/10/23 11:00:00,Q,PAS,PAS_CRD,TOTAL,TOT,DE,2019-Q1,45335669,
ESTAT:AVIA_PAOC(1.0),16/10/23 11:00:00,Q,PAS,PAS_CRD,TOTAL,TOT,DE,2019-Q2,61039045,
ESTAT:AVIA_PAOC(1.0),16/10/23 11:00:00,Q,PAS,PAS_CRD,TOTAL,TOT,DE,2019-Q3,67772119,
ESTAT:AVIA_PAOC(1.0),16/10/23 11:00:00,Q,PAS,PAS_CRD,TOTAL,TOT,DE,2019-Q4,52617253,
ESTAT:AVIA_PAOC(1.0),16/10/23 11:00:00,Q,PAS,PAS_CRD,TOTAL,TOT,DE,2020-Q1,34233831,
ESTAT:AVIA_PAOC(1.0),16/10/23 11:00:00,Q,PAS,PAS_CRD,TOTAL,TOT,DE,2020-Q2,1987089,
ESTAT:AVIA_PAOC(1.0),16/10/23 11:00:00,Q,PAS,PAS_CRD,TOTAL,TOT,DE,2020-Q3,14475611,
ESTAT:AVIA_PAOC(1.0),16/10/23 11:00:00,Q,PAS,PAS_CRD,TOTAL,TOT,DE,2020-Q4,7099447,
ESTAT:AVIA_PAOC(1.0),16/10/23 11:00:00,Q,PAS,PAS_CRD,TOTAL,TOT,DE,2021-Q1,4636195,
ESTAT:AVIA_PAOC(1.0),16/10/23 11:00:00,Q,PAS,PAS_CRD,TOTAL,TOT,DE,2021-Q2,10263039,
ESTAT:AVIA_PAOC(1.0),16/10/23 11:00:00,Q,PAS,PAS_CRD,TOTAL,TOT,DE,2021-Q3,31212286,
ESTAT:AVIA_PAOC(1.0),16/10/23 11:00:00,Q,PAS,PAS_CRD,TOTAL,TOT,DE,2021-Q4,27485850,
ESTAT:AVIA_PAOC(1.0),16/10/23 11:00:00,Q,PAS,PAS_CRD,TOTAL,TOT,DE,2022-Q1,20600696,
ESTAT:AVIA_PAOC(1.0),16/10/23 11:00:00,Q,PAS,PAS_CRD,TOTAL,TOT,DE,2022-Q2,43813875,
ESTAT:AVIA_PAOC(1.0),16/10/23 11:00:00,Q,PAS,PAS_CRD,TOTAL,TOT,DE,2022-Q3,51304097,
ESTAT:AVIA_PAOC(1.0),16/10/23 11:00:00,Q,PAS,PAS_CRD,TOTAL,TOT,DE,2022-Q4,39583975,
ESTAT:AVIA_PAOC(1.0),16/10/23 11:00:00,Q,PAS,PAS_CRD,TOTAL,TOT,DE,2023-Q1,32544408,
ESTAT:AVIA_PAOC(1.0),16/10/23 11:00:00,Q,PAS,PAS_CRD,TOTAL,TOT,DE,2023-Q2,49652281,
ESTAT:AVIA_PAOC(1.0),16/10/23 11:00:00,Q,PAS,PAS_CRD,TOTAL,TOT,DK,2018-Q1,7093622,
ESTAT:AVIA_PAOC(1.0),16/10/23 11:00:00,Q,PAS,PAS_CRD,TOTAL,TOT,DK,2018-Q2,9385968,
ESTAT:AVIA_PAOC(1.0),16/10/23 11:00:00,Q,PAS,PAS_CRD,TOTAL,TOT,DK,2018-Q3,10297056,
ESTAT:AVIA_PAOC(1.0),16/10/23 11:00:00,Q,PAS,PAS_CRD,TOTAL,TOT,DK,2018-Q4,7924493,
ESTAT:AVIA_PAOC(1.0),16/10/23 11:00:00,Q,PAS,PAS_CRD,TOTAL,TOT,DK,2019-Q1,7145302,
ESTAT:AVIA_PAOC(1.0),16/10/23 11:00:00,Q,PAS,PAS_CRD,TOTAL,TOT,DK,2019-Q2,9361522,
ESTAT:AVIA_PAOC(1.0),16/10/23 11:00:00,Q,PAS,PAS_CRD,TOTAL,TOT,DK,2019-Q3,10330524,
ESTAT:AVIA_PAOC(1.0),16/10/23 11:00:00,Q,PAS,PAS_CRD,TOTAL,TOT,DK,2019-Q4,7942779,
ESTAT:AVIA_PAOC(1.0),16/10/23 11:00:00,Q,PAS,PAS_CRD,TOTAL,TOT,DK,2020-Q1,5499669,
ESTAT:AVIA_PAOC(1.0),16/10/23 11:00:00,Q,PAS,PAS_CRD,TOTAL,TOT,DK,2020-Q2,252303,
ESTAT:AVIA_PAOC(1.0),16/10/23 11:00:00,Q,PAS,PAS_CRD,TOTAL,TOT,DK,2020-Q3,1944990,
ESTAT:AVIA_PAOC(1.0),16/10/23 11:00:00,Q,PAS,PAS_CRD,TOTAL,TOT,DK,2020-Q4,961692,
ESTAT:AVIA_PAOC(1.0),16/10/23 11:00:00,Q,PAS,PAS_CRD,TOTAL,TOT,DK,2021-Q1,475976,
ESTAT:AVIA_PAOC(1.0),16/10/23 11:00:00,Q,PAS,PAS_CRD,TOTAL,TOT,DK,2021-Q2,1083086,
ESTAT:AVIA_PAOC(1.0),16/10/23 11:00:00,Q,PAS,PAS_CRD,TOTAL,TOT,DK,2021-Q3,4575293,
ESTAT:AVIA_PAOC(1.0),16/10/23 11:00:00,Q,PAS,PAS_CRD,TOTAL,TOT,DK,2021-Q4,4683462,
ESTAT:AVIA_PAOC(1.0),16/10/23 11:00:00,Q,PAS,PAS_CRD,TOTAL,TOT,DK,2022-Q1,3803662,
ESTAT:AVIA_PAOC(1.0),16/10/23 11:00:00,Q,PAS,PAS_CRD,TOTAL,TOT,DK,2022-Q2,7432848,
ESTAT:AVIA_PAOC(1.0),16/10/23 11:00:00,Q,PAS,PAS_CRD,TOTAL,TOT,DK,2022-Q3,8676550,
ESTAT:AVIA_PAOC(1.0),16/10/23 11:00:00,Q,PAS,PAS_CRD,TOTAL,TOT,DK,2022-Q4,6736513,
ESTAT:AVIA_PAOC(1.0),16/10/23 11:00:00,Q,PAS,PAS_CRD,TOTAL,TOT,DK,2023-Q1,6041468,
ESTAT:AVIA_PAOC(1.0),16/10/23 11:00:00,Q,PAS,PAS_CRD,TOTAL,TOT,DK,2023-Q2,8528708,
ESTAT:AVIA_PAOC(1.0),16/10/23 11:00:00,Q,PAS,PAS_CRD,TOTAL,TOT,EE,2018-Q1,554542,
ESTAT:AVIA_PAOC(1.0),16/10/23 11:00:00,Q,PAS,PAS_CRD,TOTAL,TOT,EE,2018-Q2,809663,
ESTAT:AVIA_PAOC(1.0),16/10/23 11:00:00,Q,PAS,PAS_CRD,TOTAL,TOT,EE,2018-Q3,898765,
ESTAT:AVIA_PAOC(1.0),16/10/23 11:00:00,Q,PAS,PAS_CRD,TOTAL,TOT,EE,2018-Q4,732558,
ESTAT:AVIA_PAOC(1.0),16/10/23 11:00:00,Q,PAS,PAS_CRD,TOTAL,TOT,EE,2019-Q1,629880,
ESTAT:AVIA_PAOC(1.0),16/10/23 11:00:00,Q,PAS,PAS_CRD,TOTAL,TOT,EE,2019-Q2,883158,
ESTAT:AVIA_PAOC(1.0),16/10/23 11:00:00,Q,PAS,PAS_CRD,TOTAL,TOT,EE,2019-Q3,953546,
ESTAT:AVIA_PAOC(1.0),16/10/23 11:00:00,Q,PAS,PAS_CRD,TOTAL,TOT,EE,2019-Q4,791419,
ESTAT:AVIA_PAOC(1.0),16/10/23 11:00:00,Q,PAS,PAS_CRD,TOTAL,TOT,EE,2020-Q1,527591,
ESTAT:AVIA_PAOC(1.0),16/10/23 11:00:00,Q,PAS,PAS_CRD,TOTAL,TOT,EE,2020-Q2,37996,
ESTAT:AVIA_PAOC(1.0),16/10/23 11:00:00,Q,PAS,PAS_CRD,TOTAL,TOT,EE,2020-Q3,202059,
ESTAT:AVIA_PAOC(1.0),16/10/23 11:00:00,Q,PAS,PAS_CRD,TOTAL,TOT,EE,2020-Q4,90191,
ESTAT:AVIA_PAOC(1.0),16/10/23 11:00:00,Q,PAS,PAS_CRD,TOTAL,TOT,EE,2021-Q1,84838,
ESTAT:AVIA_PAOC(1.0),16/10/23 11:00:00,Q,PAS,PAS_CRD,TOTAL,TOT,EE,2021-Q2,195991,
ESTAT:AVIA_PAOC(1.0),16/10/23 11:00:00,Q,PAS,PAS_CRD,TOTAL,TOT,EE,2021-Q3,498352,
ESTAT:AVIA_PAOC(1.0),16/10/23 11:00:00,Q,PAS,PAS_CRD,TOTAL,TOT,EE,2021-Q4,513760,
ESTAT:AVIA_PAOC(1.0),16/10/23 11:00:00,Q,PAS,PAS_CRD,TOTAL,TOT,EE,2022-Q1,429875,
ESTAT:AVIA_PAOC(1.0),16/10/23 11:00:00,Q,PAS,PAS_CRD,TOTAL,TOT,EE,2022-Q2,766007,
ESTAT:AVIA_PAOC(1.0),16/10/23 11:00:00,Q,PAS,PAS_CRD,TOTAL,TOT,EE,2022-Q3,841376,
ESTAT:AVIA_PAOC(1.0),16/10/23 11:00:00,Q,PAS,PAS_CRD,TOTAL,TOT,EE,2022-Q4,694107,
ESTAT:AVIA_PAOC(1.0),16/10/23 11:00:00,Q,PAS,PAS_CRD,TOTAL,TOT,EE,2023-Q1,615992,
ESTAT:AVIA_PAOC(1.0),16/10/23 11:00:00,Q,PAS,PAS_CRD,TOTAL,TOT,EE,2023-Q2,772255,
ESTAT:AVIA_PAOC(1.0),16/10/23 11:00:00,Q,PAS,PAS_CRD,TOTAL,TOT,EL,2018-Q1,4832040,
ESTAT:AVIA_PAOC(1.0),16/10/23 11:00:00,Q,PAS,PAS_CRD,TOTAL,TOT,EL,2018-Q2,15880895,
ESTAT:AVIA_PAOC(1.0),16/10/23 11:00:00,Q,PAS,PAS_CRD,TOTAL,TOT,EL,2018-Q3,25033713,
ESTAT:AVIA_PAOC(1.0),16/10/23 11:00:00,Q,PAS,PAS_CRD,TOTAL,TOT,EL,2018-Q4,8512178,
ESTAT:AVIA_PAOC(1.0),16/10/23 11:00:00,Q,PAS,PAS_CRD,TOTAL,TOT,EL,2019-Q1,5177439,
ESTAT:AVIA_PAOC(1.0),16/10/23 11:00:00,Q,PAS,PAS_CRD,TOTAL,TOT,EL,2019-Q2,15943233,
ESTAT:AVIA_PAOC(1.0),16/10/23 11:00:00,Q,PAS,PAS_CRD,TOTAL,TOT,EL,2019-Q3,25969034,
ESTAT:AVIA_PAOC(1.0),16/10/23 11:00:00,Q,PAS,PAS_CRD,TOTAL,TOT,EL,2019-Q4,8998821,
ESTAT:AVIA_PAOC(1.0),16/10/23 11:00:00,Q,PAS,PAS_CRD,TOTAL,TOT,EL,2020-Q1,4533703,
ESTAT:AVIA_PAOC(1.0),16/10/23 11:00:00,Q,PAS,PAS_CRD,TOTAL,TOT,EL,2020-Q2,515129,
ESTAT:AVIA_PAOC(1.0),16/10/23 11:00:00,Q,PAS,PAS_CRD,TOTAL,TOT,EL,2020-Q3,9547146,
ESTAT:AVIA_PAOC(1.0),16/10/23 11:00:00,Q,PAS,PAS_CRD,TOTAL,TOT,EL,2020-Q4,2745214,
ESTAT:AVIA_PAOC(1.0),16/10/23 11:00:00,Q,PAS,PAS_CRD,TOTAL,TOT,EL,2021-Q1,834746,
ESTAT:AVIA_PAOC(1.0),16/10/23 11:00:00,Q,PAS,PAS_CRD,TOTAL,TOT,EL,2021-Q2,4190366,
ESTAT:AVIA_PAOC(1.0),16/10/23 11:00:00,Q,PAS,PAS_CRD,TOTAL,TOT,EL,2021-Q3,19583825,
ESTAT:AVIA_PAOC(1.0),16/10/23 11:00:00,Q,PAS,PAS_CRD,TOTAL,TOT,EL,2021-Q4,7636622,
ESTAT:AVIA_PAOC(1.0),16/10/23 11:00:00,Q,PAS,PAS_CRD,TOTAL,TOT,EL,2022-Q1,3637815,
ESTAT:AVIA_PAOC(1.0),16/10/23 11:00:00,Q,PAS,PAS_CRD,TOTAL,TOT,EL,2022-Q2,16514557,
ESTAT:AVIA_PAOC(1.0),16/10/23 11:00:00,Q,PAS,PAS_CRD,TOTAL,TOT,EL,2022-Q3,28273378,
ESTAT:AVIA_PAOC(1.0),16/10/23 11:00:00,Q,PAS,PAS_CRD,TOTAL,TOT,EL,2022-Q4,9468179,
ESTAT:AVIA_PAOC(1.0),16/10/23 11:00:00,Q,PAS,PAS_CRD,TOTAL,TOT,ES,2018-Q1,40681867,
ESTAT:AVIA_PAOC(1.0),16/10/23 11:00:00,Q,PAS,PAS_CRD,TOTAL,TOT,ES,2018-Q2,60084475,
ESTAT:AVIA_PAOC(1.0),16/10/23 11:00:00,Q,PAS,PAS_CRD,TOTAL,TOT,ES,2018-Q3,70645972,
ESTAT:AVIA_PAOC(1.0),16/10/23 11:00:00,Q,PAS,PAS_CRD,TOTAL,TOT,ES,2018-Q4,49199115,
ESTAT:AVIA_PAOC(1.0),16/10/23 11:00:00,Q,PAS,PAS_CRD,TOTAL,TOT,ES,2019-Q1,42944594,
ESTAT:AVIA_PAOC(1.0),16/10/23 11:00:00,Q,PAS,PAS_CRD,TOTAL,TOT,ES,2019-Q2,62855917,
ESTAT:AVIA_PAOC(1.0),16/10/23 11:00:00,Q,PAS,PAS_CRD,TOTAL,TOT,ES,2019-Q3,72383021,
ESTAT:AVIA_PAOC(1.0),16/10/23 11:00:00,Q,PAS,PAS_CRD,TOTAL,TOT,ES,2019-Q4,50078840,
ESTAT:AVIA_PAOC(1.0),16/10/23 11:00:00,Q,PAS,PAS_CRD,TOTAL,TOT,ES,2020-Q1,33862225,
ESTAT:AVIA_PAOC(1.0),16/10/23 11:00:00,Q,PAS,PAS_CRD,TOTAL,TOT,ES,2020-Q2,920994,
ESTAT:AVIA_PAOC(1.0),16/10/23 11:00:00,Q,PAS,PAS_CRD,TOTAL,TOT,ES,2020-Q3,15381020,
ESTAT:AVIA_PAOC(1.0),16/10/23 11:00:00,Q,PAS,PAS_CRD,TOTAL,TOT,ES,2020-Q4,7633066,
ESTAT:AVIA_PAOC(1.0),16/10/23 11:00:00,Q,PAS,PAS_CRD,TOTAL,TOT,ES,2021-Q1,5581138,
ESTAT:AVIA_PAOC(1.0),16/10/23 11:00:00,Q,PAS,PAS_CRD,TOTAL,TOT,ES,2021-Q2,13455826,
ESTAT:AVIA_PAOC(1.0),16/10/23 11:00:00,Q,PAS,PAS_CRD,TOTAL,TOT,ES,2021-Q3,38394616,
ESTAT:AVIA_PAOC(1.0),16/10/23 11:00:00,Q,PAS,PAS_CRD,TOTAL,TOT,ES,2021-Q4,34466661,
ESTAT:AVIA_PAOC(1.0),16/10/23 11:00:00,Q,PAS,PAS_CRD,TOTAL,TOT,ES,2022-Q1,29899981,
ESTAT:AVIA_PAOC(1.0),16/10/23 11:00:00,Q,PAS,PAS_CRD,TOTAL,TOT,ES,2022-Q2,55139552,
ESTAT:AVIA_PAOC(1.0),16/10/23 11:00:00,Q,PAS,PAS_CRD,TOTAL,TOT,ES,2022-Q3,65802027,
ESTAT:AVIA_PAOC(1.0),16/10/23 11:00:00,Q,PAS,PAS_CRD,TOTAL,TOT,ES,2022-Q4,48729643,
ESTAT:AVIA_PAOC(1.0),16/10/23 11:00:00,Q,PAS,PAS_CRD,TOTAL,TOT,ES,2023-Q1,43756773,
ESTAT:AVIA_PAOC(1.0),16/10/23 11:00:00,Q,PAS,PAS_CRD,TOTAL,TOT,EU27_2020,2018-Q1,190545610,
ESTAT:AVIA_PAOC(1.0),16/10/23 11:00:00,Q,PAS,PAS_CRD,TOTAL,TOT,EU27_2020,2018-Q2,265096019,
ESTAT:AVIA_PAOC(1.0),16/10/23 11:00:00,Q,PAS,PAS_CRD,TOTAL,TOT,EU27_2020,2018-Q3,313754705,
ESTAT:AVIA_PAOC(1.0),16/10/23 11:00:00,Q,PAS,PAS_CRD,TOTAL,TOT,EU27_2020,2018-Q4,226899077,
ESTAT:AVIA_PAOC(1.0),16/10/23 11:00:00,Q,PAS,PAS_CRD,TOTAL,TOT,EU27_2020,2019-Q1,200213047,
ESTAT:AVIA_PAOC(1.0),16/10/23 11:00:00,Q,PAS,PAS_CRD,TOTAL,TOT,EU27_2020,2019-Q2,278251531,
ESTAT:AVIA_PAOC(1.0),16/10/23 11:00:00,Q,PAS,PAS_CRD,TOTAL,TOT,EU27_2020,2019-Q3,323323712,
ESTAT:AVIA_PAOC(1.0),16/10/23 11:00:00,Q,PAS,PAS_CRD,TOTAL,TOT,EU27_2020,2019-Q4,233331542,
ESTAT:AVIA_PAOC(1.0),16/10/23 11:00:00,Q,PAS,PAS_CRD,TOTAL,TOT,EU27_2020,2020-Q1,157703945,
ESTAT:AVIA_PAOC(1.0),16/10/23 11:00:00,Q,PAS,PAS_CRD,TOTAL,TOT,EU27_2020,2020-Q2,7297192,
ESTAT:AVIA_PAOC(1.0),16/10/23 11:00:00,Q,PAS,PAS_CRD,TOTAL,TOT,EU27_2020,2020-Q3,74479711,
ESTAT:AVIA_PAOC(1.0),16/10/23 11:00:00,Q,PAS,PAS_CRD,TOTAL,TOT,EU27_2020,2020-Q4,37277260,
ESTAT:AVIA_PAOC(1.0),16/10/23 11:00:00,Q,PAS,PAS_CRD,TOTAL,TOT,EU27_2020,2021-Q1,25203113,
ESTAT:AVIA_PAOC(1.0),16/10/23 11:00:00,Q,PAS,PAS_CRD,TOTAL,TOT,EU27_2020,2021-Q2,52195274,
ESTAT:AVIA_PAOC(1.0),16/10/23 11:00:00,Q,PAS,PAS_CRD,TOTAL,TOT,EU27_2020,2021-Q3,160667384,
ESTAT:AVIA_PAOC(1.0),16/10/23 11:00:00,Q,PAS,PAS_CRD,TOTAL,TOT,EU27_2020,2021-Q4,135743992,
ESTAT:AVIA_PAOC(1.0),16/10/23 11:00:00,Q,PAS,PAS_CRD,TOTAL,TOT,EU27_2020,2022-Q1,115415906,
ESTAT:AVIA_PAOC(1.0),16/10/23 11:00:00,Q,PAS,PAS_CRD,TOTAL,TOT,EU27_2020,2022-Q2,224707147,
ESTAT:AVIA_PAOC(1.0),16/10/23 11:00:00,Q,PAS,PAS_CRD,TOTAL,TOT,EU27_2020,2022-Q3,277936060,
ESTAT:AVIA_PAOC(1.0),16/10/23 11:00:00,Q,PAS,PAS_CRD,TOTAL,TOT,EU27_2020,2022-Q4,201778813,
ESTAT:AVIA_PAOC(1.0),16/10/23 11:00:00,Q,PAS,PAS_CRD,TOTAL,TOT,FI,2018-Q1,5044232,
ESTAT:AVIA_PAOC(1.0),16/10/23 11:00:00,Q,PAS,PAS_CRD,TOTAL,TOT,FI,2018-Q2,5715308,
ESTAT:AVIA_PAOC(1.0),16/10/23 11:00:00,Q,PAS,PAS_CRD,TOTAL,TOT,FI,2018-Q3,5903482,
ESTAT:AVIA_PAOC(1.0),16/10/23 11:00:00,Q,PAS,PAS_CRD,TOTAL,TOT,FI,2018-Q4,5510508,
ESTAT:AVIA_PAOC(1.0),16/10/23 11:00:00,Q,PAS,PAS_CRD,TOTAL,TOT,FI,2019-Q1,5241638,
ESTAT:AVIA_PAOC(1.0),16/10/23 11:00:00,Q,PAS,PAS_CRD,TOTAL,TOT,FI,2019-Q2,6090934,
ESTAT:AVIA_PAOC(1.0),16/10/23 11:00:00,Q,PAS,PAS_CRD,TOTAL,TOT,FI,2019-Q3,6309467,
ESTAT:AVIA_PAOC(1.0),16/10/23 11:00:00,Q,PAS,PAS_CRD,TOTAL,TOT,FI,2019-Q4,5645890,
ESTAT:AVIA_PAOC(1.0),16/10/23 11:00:00,Q,PAS,PAS_CRD,TOTAL,TOT,FI,2020-Q1,4176968,
ESTAT:AVIA_PAOC(1.0),16/10/23 11:00:00,Q,PAS,PAS_CRD,TOTAL,TOT,FI,2020-Q2,144561,
ESTAT:AVIA_PAOC(1.0),16/10/23 11:00:00,Q,PAS,PAS_CRD,TOTAL,TOT,FI,2020-Q3,676067,
ESTAT:AVIA_PAOC(1.0),16/10/23 11:00:00,Q,PAS,PAS_CRD,TOTAL,TOT,FI,2020-Q4,431026,
ESTAT:AVIA_PAOC(1.0),16/10/23 11:00:00,Q,PAS,PAS_CRD,TOTAL,TOT,FI,2021-Q1,374718,
ESTAT:AVIA_PAOC(1.0),16/10/23 11:00:00,Q,PAS,PAS_CRD,TOTAL,TOT,FI,2021-Q2,455474,
ESTAT:AVIA_PAOC(1.0),16/10/23 11:00:00,Q,PAS,PAS_CRD,TOTAL,TOT,FI,2021-Q3,1308234,
ESTAT:AVIA_PAOC(1.0),16/10/23 11:00:00,Q,PAS,PAS_CRD,TOTAL,TOT,FI,2021-Q4,2416071,
ESTAT:AVIA_PAOC(1.0),16/10/23 11:00:00,Q,PAS,PAS_CRD,TOTAL,TOT,FI,2022-Q1,2281101,
ESTAT:AVIA_PAOC(1.0),16/10/23 11:00:00,Q,PAS,PAS_CRD,TOTAL,TOT,FI,2022-Q2,3521549,
ESTAT:AVIA_PAOC(1.0),16/10/23 11:00:00,Q,PAS,PAS_CRD,TOTAL,TOT,FI,2022-Q3,4105537,
ESTAT:AVIA_PAOC(1.0),16/10/23 11:00:00,Q,PAS,PAS_CRD,TOTAL,TOT,FI,2022-Q4,3904390,
ESTAT:AVIA_PAOC(1.0),16/10/23 11:00:00,Q,PAS,PAS_CRD,TOTAL,TOT,FI,2023-Q1,3887618,
ESTAT:AVIA_PAOC(1.0),16/10/23 11:00:00,Q,PAS,PAS_CRD,TOTAL,TOT,FI,2023-Q2,4170672,
ESTAT:AVIA_PAOC(1.0),16/10/23 11:00:00,Q,PAS,PAS_CRD,TOTAL,TOT,FR,2018-Q1,33319555,
ESTAT:AVIA_PAOC(1.0),16/10/23 11:00:00,Q,PAS,PAS_CRD,TOTAL,TOT,FR,2018-Q2,42628172,
ESTAT:AVIA_PAOC(1.0),16/10/23 11:00:00,Q,PAS,PAS_CRD,TOTAL,TOT,FR,2018-Q3,48377580,
ESTAT:AVIA_PAOC(1.0),16/10/23 11:00:00,Q,PAS,PAS_CRD,TOTAL,TOT,FR,2018-Q4,37665872,
ESTAT:AVIA_PAOC(1.0),16/10/23 11:00:00,Q,PAS,PAS_CRD,TOTAL,TOT,FR,2019-Q1,34922608,
ESTAT:AVIA_PAOC(1.0),16/10/23 11:00:00,Q,PAS,PAS_CRD,TOTAL,TOT,FR,2019-Q2,45442631,
ESTAT:AVIA_PAOC(1.0),16/10/23 11:00:00,Q,PAS,PAS_CRD,TOTAL,TOT,FR,2019-Q3,49919815,
ESTAT:AVIA_PAOC(1.0),16/10/23 11:00:00,Q,PAS,PAS_CRD,TOTAL,TOT,FR,2019-Q4,38441734,
ESTAT:AVIA_PAOC(1.0),16/10/23 11:00:00,Q,PAS,PAS_CRD,TOTAL,TOT,FR,2020-Q1,28150362,
ESTAT:AVIA_PAOC(1.0),16/10/23 11:00:00,Q,PAS,PAS_CRD,TOTAL,TOT,FR,2020-Q2,1266891,
ESTAT:AVIA_PAOC(1.0),16/10/23 11:00:00,Q,PAS,PAS_CRD,TOTAL,TOT,FR,2020-Q3,13609690,
ESTAT:AVIA_PAOC(1.0),16/10/23 11:00:00,Q,PAS,PAS_CRD,TOTAL,TOT,FR,2020-Q4,7697068,
ESTAT:AVIA_PAOC(1.0),16/10/23 11:00:00,Q,PAS,PAS_CRD,TOTAL,TOT,FR,2021-Q1,6311106,
ESTAT:AVIA_PAOC(1.0),16/10/23 11:00:00,Q,PAS,PAS_CRD,TOTAL,TOT,FR,2021-Q2,9223264,
ESTAT:AVIA_PAOC(1.0),16/10/23 11:00:00,Q,PAS,PAS_CRD,TOTAL,TOT,FR,2021-Q3,26550701,
ESTAT:AVIA_PAOC(1.0),16/10/23 11:00:00,Q,PAS,PAS_CRD,TOTAL,TOT,FR,2021-Q4,23948738,
ESTAT:AVIA_PAOC(1.0),16/10/23 11:00:00,Q,PAS,PAS_CRD,TOTAL,TOT,FR,2022-Q1,21504318,
ESTAT:AVIA_PAOC(1.0),16/10/23 11:00:00,Q,PAS,PAS_CRD,TOTAL,TOT,FR,2022-Q2,36997902,
ESTAT:AVIA_PAOC(1.0),16/10/23 11:00:00,Q,PAS,PAS_CRD,TOTAL,TOT,FR,2022-Q3,43259485,
ESTAT:AVIA_PAOC(1.0),16/10/23 11:00:00,Q,PAS,PAS_CRD,TOTAL,TOT,FR,2022-Q4,34799233,
ESTAT:AVIA_PAOC(1.0),16/10/23 11:00:00,Q,PAS,PAS_CRD,TOTAL,TOT,FR,2023-Q1,31661784,
ESTAT:AVIA_PAOC(1.0),16/10/23 11:00:00,Q,PAS,PAS_CRD,TOTAL,TOT,FR,2023-Q2,41940041,
ESTAT:AVIA_PAOC(1.0),16/10/23 11:00:00,Q,PAS,PAS_CRD,TOTAL,TOT,HR,2018-Q1,721619,
ESTAT:AVIA_PAOC(1.0),16/10/23 11:00:00,Q,PAS,PAS_CRD,TOTAL,TOT,HR,2018-Q2,2839344,
ESTAT:AVIA_PAOC(1.0),16/10/23 11:00:00,Q,PAS,PAS_CRD,TOTAL,TOT,HR,2018-Q3,4801671,
ESTAT:AVIA_PAOC(1.0),16/10/23 11:00:00,Q,PAS,PAS_CRD,TOTAL,TOT,HR,2018-Q4,1368660,
ESTAT:AVIA_PAOC(1.0),16/10/23 11:00:00,Q,PAS,PAS_CRD,TOTAL,TOT,HR,2019-Q1,755530,
ESTAT:AVIA_PAOC(1.0),16/10/23 11:00:00,Q,PAS,PAS_CRD,TOTAL,TOT,HR,2019-Q2,3216131,
ESTAT:AVIA_PAOC(1.0),16/10/23 11:00:00,Q,PAS,PAS_CRD,TOTAL,TOT,HR,2019-Q3,5109889,
ESTAT:AVIA_PAOC(1.0),16/10/23 11:00:00,Q,PAS,PAS_CRD,TOTAL,TOT,HR,2019-Q4,1541689,
ESTAT:AVIA_PAOC(1.0),16/10/23 11:00:00,Q,PAS,PAS_CRD,TOTAL,TOT,HR,2020-Q1,576174,
ESTAT:AVIA_PAOC(1.0),16/10/23 11:00:00,Q,PAS,PAS_CRD,TOTAL,TOT,HR,2020-Q2,88438,
ESTAT:AVIA_PAOC(1.0),16/10/23 11:00:00,Q,PAS,PAS_CRD,TOTAL,TOT,HR,2020-Q3,1093536,
ESTAT:AVIA_PAOC(1.0),16/10/23 11:00:00,Q,PAS,PAS_CRD,TOTAL,TOT,HR,2020-Q4,185399,
ESTAT:AVIA_PAOC(1.0),16/10/23 11:00:00,Q,PAS,PAS_CRD,TOTAL,TOT,HR,2021-Q1,120351,
ESTAT:AVIA_PAOC(1.0),16/10/23 11:00:00,Q,PAS,PAS_CRD,TOTAL,TOT,HR,2021-Q2,473637,
ESTAT:AVIA_PAOC(1.0),16/10/23 11:00:00,Q,PAS,PAS_CRD,TOTAL,TOT,HR,2021-Q3,2945934,
ESTAT:AVIA_PAOC(1.0),16/10/23 11:00:00,Q,PAS,PAS_CRD,TOTAL,TOT,HR,2021-Q4,918478,
ESTAT:AVIA_PAOC(1.0),16/10/23 11:00:00,Q,PAS,PAS_CRD,TOTAL,TOT,HR,2022-Q1,548469,
ESTAT:AVIA_PAOC(1.0),16/10/23 11:00:00,Q,PAS,PAS_CRD,TOTAL,TOT,HR,2022-Q2,2629510,
ESTAT:AVIA_PAOC(1.0),16/10/23 11:00:00,Q,PAS,PAS_CRD,TOTAL,TOT,HR,2022-Q3,4786845,
ESTAT:AVIA_PAOC(1.0),16/10/23 11:00:00,Q,PAS,PAS_CRD,TOTAL,TOT,HR,2022-Q4,1450497,
ESTAT:AVIA_PAOC(1.0),16/10/23 11:00:00,Q,PAS,PAS_CRD,TOTAL,TOT,HR,2023-Q1,818172,
ESTAT:AVIA_PAOC(1.0),16/10/23 11:00:00,Q,PAS,PAS_CRD,TOTAL,TOT,HR,2023-Q2,3123245,
ESTAT:AVIA_PAOC(1.0),16/10/23 11:00:00,Q,PAS,PAS_CRD,TOTAL,TOT,HU,2018-Q1,3038449,
ESTAT:AVIA_PAOC(1.0),16/10/23 11:00:00,Q,PAS,PAS_CRD,TOTAL,TOT,HU,2018-Q2,3963560,
ESTAT:AVIA_PAOC(1.0),16/10/23 11:00:00,Q,PAS,PAS_CRD,TOTAL,TOT,HU,2018-Q3,4539490,
ESTAT:AVIA_PAOC(1.0),16/10/23 11:00:00,Q,PAS,PAS_CRD,TOTAL,TOT,HU,2018-Q4,3634994,
ESTAT:AVIA_PAOC(1.0),16/10/23 11:00:00,Q,PAS,PAS_CRD,TOTAL,TOT,HU,2019-Q1,3236913,
ESTAT:AVIA_PAOC(1.0),16/10/23 11:00:00,Q,PAS,PAS_CRD,TOTAL,TOT,HU,2019-Q2,4368097,
ESTAT:AVIA_PAOC(1.0),16/10/23 11:00:00,Q,PAS,PAS_CRD,TOTAL,TOT,HU,2019-Q3,4904876,
ESTAT:AVIA_PAOC(1.0),16/10/23 11:00:00,Q,PAS,PAS_CRD,TOTAL,TOT,HU,2019-Q4,4190864,
ESTAT:AVIA_PAOC(1.0),16/10/23 11:00:00,Q,PAS,PAS_CRD,TOTAL,TOT,HU,2020-Q1,2857660,
ESTAT:AVIA_PAOC(1.0),16/10/23 11:00:00,Q,PAS,PAS_CRD,TOTAL,TOT,HU,2020-Q2,118121,
ESTAT:AVIA_PAOC(1.0),16/10/23 11:00:00,Q,PAS,PAS_CRD,TOTAL,TOT,HU,2020-Q3,806317,
ESTAT:AVIA_PAOC(1.0),16/10/23 11:00:00,Q,PAS,PAS_CRD,TOTAL,TOT,HU,2020-Q4,180589,
ESTAT:AVIA_PAOC(1.0),16/10/23 11:00:00,Q,PAS,PAS_CRD,TOTAL,TOT,HU,2021-Q1,182216,
ESTAT:AVIA_PAOC(1.0),16/10/23 11:00:00,Q,PAS,PAS_CRD,TOTAL,TOT,HU,2021-Q2,414959,
ESTAT:AVIA_PAOC(1.0),16/10/23 11:00:00,Q,PAS,PAS_CRD,TOTAL,TOT,HU,2021-Q3,1907023,
ESTAT:AVIA_PAOC(1.0),16/10/23 11:00:00,Q,PAS,PAS_CRD,TOTAL,TOT,HU,2021-Q4,2161171,
ESTAT:AVIA_PAOC(1.0),16/10/23 11:00:00,Q,PAS,PAS_CRD,TOTAL,TOT,HU,2022-Q1,1994935,
ESTAT:AVIA_PAOC(1.0),16/10/23 11:00:00,Q,PAS,PAS_CRD,TOTAL,TOT,HU,2022-Q2,3356485,
ESTAT:AVIA_PAOC(1.0),16/10/23 11:00:00,Q,PAS,PAS_CRD,TOTAL,TOT,HU,2022-Q3,3867445,
ESTAT:AVIA_PAOC(1.0),16/10/23 11:00:00,Q,PAS,PAS_CRD,TOTAL,TOT,HU,2022-Q4,3174647,
ESTAT:AVIA_PAOC(1.0),16/10/23 11:00:00,Q,PAS,PAS_CRD,TOTAL,TOT,HU,2023-Q1,2912031,
ESTAT:AVIA_PAOC(1.0),16/10/23 11:00:00,Q,PAS,PAS_CRD,TOTAL,TOT,HU,2023-Q2,3838932,
ESTAT:AVIA_PAOC(1.0),16/10/23 11:00:00,Q,PAS,PAS_CRD,TOTAL,TOT,IE,2018-Q1,6900629,
ESTAT:AVIA_PAOC(1.0),16/10/23 11:00:00,Q,PAS,PAS_CRD,TOTAL,TOT,IE,2018-Q2,9984053,
ESTAT:AVIA_PAOC(1.0),16/10/23 11:00:00,Q,PAS,PAS_CRD,TOTAL,TOT,IE,2018-Q3,11081152,
ESTAT:AVIA_PAOC(1.0),16/10/23 11:00:00,Q,PAS,PAS_CRD,TOTAL,TOT,IE,2018-Q4,8379171,
ESTAT:AVIA_PAOC(1.0),16/10/23 11:00:00,Q,PAS,PAS_CRD,TOTAL,TOT,IE,2019-Q1,7414151,
ESTAT:AVIA_PAOC(1.0),16/10/23 11:00:00,Q,PAS,PAS_CRD,TOTAL,TOT,IE,2019-Q2,10450570,
ESTAT:AVIA_PAOC(1.0),16/10/23 11:00:00,Q,PAS,PAS_CRD,TOTAL,TOT,IE,2019-Q3,11566605,
ESTAT:AVIA_PAOC(1.0),16/10/23 11:00:00,Q,PAS,PAS_CRD,TOTAL,TOT,IE,2019-Q4,8516184,
ESTAT:AVIA_PAOC(1.0),16/10/23 11:00:00,Q,PAS,PAS_CRD,TOTAL,TOT,IE,2020-Q1,5901678,
ESTAT:AVIA_PAOC(1.0),16/10/23 11:00:00,Q,PAS,PAS_CRD,TOTAL,TOT,IE,2020-Q2,162980,
ESTAT:AVIA_PAOC(1.0),16/10/23 11:00:00,Q,PAS,PAS_CRD,TOTAL,TOT,IE,2020-Q3,1447389,
ESTAT:AVIA_PAOC(1.0),16/10/23 11:00:00,Q,PAS,PAS_CRD,TOTAL,TOT,IE,2020-Q4,756250,
ESTAT:AVIA_PAOC(1.0),16/10/23 11:00:00,Q,PAS,PAS_CRD,TOTAL,TOT,IE,2021-Q1,416652,
ESTAT:AVIA_PAOC(1.0),16/10/23 11:00:00,Q,PAS,PAS_CRD,TOTAL,TOT,IE,2021-Q2,592454,
ESTAT:AVIA_PAOC(1.0),16/10/23 11:00:00,Q,PAS,PAS_CRD,TOTAL,TOT,IE,2021-Q3,3566865,
ESTAT:AVIA_PAOC(1.0),16/10/23 11:00:00,Q,PAS,PAS_CRD,TOTAL,TOT,IE,2021-Q4,4521388,
ESTAT:AVIA_PAOC(1.0),16/10/23 11:00:00,Q,PAS,PAS_CRD,TOTAL,TOT,IE,2022-Q1,4683386,
ESTAT:AVIA_PAOC(1.0),16/10/23 11:00:00,Q,PAS,PAS_CRD,TOTAL,TOT,IE,2022-Q2,9106964,
ESTAT:AVIA_PAOC(1.0),16/10/23 11:00:00,Q,PAS,PAS_CRD,TOTAL,TOT,IE,2022-Q3,10409359,
ESTAT:AVIA_PAOC(1.0),16/10/23 11:00:00,Q,PAS,PAS_CRD,TOTAL,TOT,IE,2022-Q4,8206181,
ESTAT:AVIA_PAOC(1.0),16/10/23 11:00:00,Q,PAS,PAS_CRD,TOTAL,TOT,IE,2023-Q1,7592215,
ESTAT:AVIA_PAOC(1.0),16/10/23 11:00:00,Q,PAS,PAS_CRD,TOTAL,TOT,IE,2023-Q2,10704575,
ESTAT:AVIA_PAOC(1.0),16/10/23 11:00:00,Q,PAS,PAS_CRD,TOTAL,TOT,IS,2018-Q1,1865049,
ESTAT:AVIA_PAOC(1.0),16/10/23 11:00:00,Q,PAS,PAS_CRD,TOTAL,TOT,IS,2018-Q2,2668067,
ESTAT:AVIA_PAOC(1.0),16/10/23 11:00:00,Q,PAS,PAS_CRD,TOTAL,TOT,IS,2018-Q3,3466405,
ESTAT:AVIA_PAOC(1.0),16/10/23 11:00:00,Q,PAS,PAS_CRD,TOTAL,TOT,IS,2018-Q4,2166865,
ESTAT:AVIA_PAOC(1.0),16/10/23 11:00:00,Q,PAS,PAS_CRD,TOTAL,TOT,IS,2019-Q1,1706793,
ESTAT:AVIA_PAOC(1.0),16/10/23 11:00:00,Q,PAS,PAS_CRD,TOTAL,TOT,IS,2019-Q2,1928227,
ESTAT:AVIA_PAOC(1.0),16/10/23 11:00:00,Q,PAS,PAS_CRD,TOTAL,TOT,IS,2019-Q3,2430235,
ESTAT:AVIA_PAOC(1.0),16/10/23 11:00:00,Q,PAS,PAS_CRD,TOTAL,TOT,IS,2019-Q4,1518942,
ESTAT:AVIA_PAOC(1.0),16/10/23 11:00:00,Q,PAS,PAS_CRD,TOTAL,TOT,IS,2020-Q1,1041593,
ESTAT:AVIA_PAOC(1.0),16/10/23 11:00:00,Q,PAS,PAS_CRD,TOTAL,TOT,IS,2020-Q2,61165,
ESTAT:AVIA_PAOC(1.0),16/10/23 11:00:00,Q,PAS,PAS_CRD,TOTAL,TOT,IS,2020-Q3,342777,
ESTAT:AVIA_PAOC(1.0),16/10/23 11:00:00,Q,PAS,PAS_CRD,TOTAL,TOT,IS,2020-Q4,82098,
ESTAT:AVIA_PAOC(1.0),16/10/23 11:00:00,Q,PAS,PAS_CRD,TOTAL,TOT,IS,2021-Q1,98554,
ESTAT:AVIA_PAOC(1.0),16/10/23 11:00:00,Q,PAS,PAS_CRD,TOTAL,TOT,IS,2021-Q2,263125,
ESTAT:AVIA_PAOC(1.0),16/10/23 11:00:00,Q,PAS,PAS_CRD,TOTAL,TOT,IS,2021-Q3,1173585,
ESTAT:AVIA_PAOC(1.0),16/10/23 11:00:00,Q,PAS,PAS_CRD,TOTAL,TOT,IS,2021-Q4,901875,
ESTAT:AVIA_PAOC(1.0),16/10/23 11:00:00,Q,PAS,PAS_CRD,TOTAL,TOT,IS,2022-Q1,784487,
ESTAT:AVIA_PAOC(1.0),16/10/23 11:00:00,Q,PAS,PAS_CRD,TOTAL,TOT,IS,2022-Q2,1659491,
ESTAT:AVIA_PAOC(1.0),16/10/23 11:00:00,Q,PAS,PAS_CRD,TOTAL,TOT,IS,2022-Q3,2456768,
ESTAT:AVIA_PAOC(1.0),16/10/23 11:00:00,Q,PAS,PAS_CRD,TOTAL,TOT,IS,2022-Q4,1562733,
ESTAT:AVIA_PAOC(1.0),16/10/23 11:00:00,Q,PAS,PAS_CRD,TOTAL,TOT,IS,2023-Q1,1380679,
ESTAT:AVIA_PAOC(1.0),16/10/23 11:00:00,Q,PAS,PAS_CRD,TOTAL,TOT,IS,2023-Q2,2108710,
ESTAT:AVIA_PAOC(1.0),16/10/23 11:00:00,Q,PAS,PAS_CRD,TOTAL,TOT,IT,2018-Q1,28884571,
ESTAT:AVIA_PAOC(1.0),16/10/23 11:00:00,Q,PAS,PAS_CRD,TOTAL,TOT,IT,2018-Q2,41316099,
ESTAT:AVIA_PAOC(1.0),16/10/23 11:00:00,Q,PAS,PAS_CRD,TOTAL,TOT,IT,2018-Q3,48548496,
ESTAT:AVIA_PAOC(1.0),16/10/23 11:00:00,Q,PAS,PAS_CRD,TOTAL,TOT,IT,2018-Q4,34603278,
ESTAT:AVIA_PAOC(1.0),16/10/23 11:00:00,Q,PAS,PAS_CRD,TOTAL,TOT,IT,2019-Q1,30772070,
ESTAT:AVIA_PAOC(1.0),16/10/23 11:00:00,Q,PAS,PAS_CRD,TOTAL,TOT,IT,2019-Q2,43559410,
ESTAT:AVIA_PAOC(1.0),16/10/23 11:00:00,Q,PAS,PAS_CRD,TOTAL,TOT,IT,2019-Q3,50407279,
ESTAT:AVIA_PAOC(1.0),16/10/23 11:00:00,Q,PAS,PAS_CRD,TOTAL,TOT,IT,2019-Q4,35929180,
ESTAT:AVIA_PAOC(1.0),16/10/23 11:00:00,Q,PAS,PAS_CRD,TOTAL,TOT,IT,2020-Q1,21011103,
ESTAT:AVIA_PAOC(1.0),16/10/23 11:00:00,Q,PAS,PAS_CRD,TOTAL,TOT,IT,2020-Q2,943974,
ESTAT:AVIA_PAOC(1.0),16/10/23 11:00:00,Q,PAS,PAS_CRD,TOTAL,TOT,IT,2020-Q3,13307480,
ESTAT:AVIA_PAOC(1.0),16/10/23 11:00:00,Q,PAS,PAS_CRD,TOTAL,TOT,IT,2020-Q4,5142798,
ESTAT:AVIA_PAOC(1.0),16/10/23 11:00:00,Q,PAS,PAS_CRD,TOTAL,TOT,IT,2021-Q1,3136818,
ESTAT:AVIA_PAOC(1.0),16/10/23 11:00:00,Q,PAS,PAS_CRD,TOTAL,TOT,IT,2021-Q2,8049514,
ESTAT:AVIA_PAOC(1.0),16/10/23 11:00:00,Q,PAS,PAS_CRD,TOTAL,TOT,IT,2021-Q3,26731003,
ESTAT:AVIA_PAOC(1.0),16/10/23 11:00:00,Q,PAS,PAS_CRD,TOTAL,TOT,IT,2021-Q4,21791808,
ESTAT:AVIA_PAOC(1.0),16/10/23 11:00:00,Q,PAS,PAS_CRD,TOTAL,TOT,IT,2022-Q1,17723717,
ESTAT:AVIA_PAOC(1.0),16/10/23 11:00:00,Q,PAS,PAS_CRD,TOTAL,TOT,IT,2022-Q2,37113958,
ESTAT:AVIA_PAOC(1.0),16/10/23 11:00:00,Q,PAS,PAS_CRD,TOTAL,TOT,IT,2022-Q3,45474673,
ESTAT:AVIA_PAOC(1.0),16/10/23 11:00:00,Q,PAS,PAS_CRD,TOTAL,TOT,IT,2022-Q4,32113371,
ESTAT:AVIA_PAOC(1.0),16/10/23 11:00:00,Q,PAS,PAS_CRD,TOTAL,TOT,IT,2023-Q1,29186831,
ESTAT:AVIA_PAOC(1.0),16/10/23 11:00:00,Q,PAS,PAS_CRD,TOTAL,TOT,IT,2023-Q2,44304524,
ESTAT:AVIA_PAOC(1.0),16/10/23 11:00:00,Q,PAS,PAS_CRD,TOTAL,TOT,LT,2018-Q1,1235223,
ESTAT:AVIA_PAOC(1.0),16/10/23 11:00:00,Q,PAS,PAS_CRD,TOTAL,TOT,LT,2018-Q2,1713430,
ESTAT:AVIA_PAOC(1.0),16/10/23 11:00:00,Q,PAS,PAS_CRD,TOTAL,TOT,LT,2018-Q3,1818516,
ESTAT:AVIA_PAOC(1.0),16/10/23 11:00:00,Q,PAS,PAS_CRD,TOTAL,TOT,LT,2018-Q4,1487009,
ESTAT:AVIA_PAOC(1.0),16/10/23 11:00:00,Q,PAS,PAS_CRD,TOTAL,TOT,LT,2019-Q1,1322107,
ESTAT:AVIA_PAOC(1.0),16/10/23 11:00:00,Q,PAS,PAS_CRD,TOTAL,TOT,LT,2019-Q2,1766222,
ESTAT:AVIA_PAOC(1.0),16/10/23 11:00:00,Q,PAS,PAS_CRD,TOTAL,TOT,LT,2019-Q3,1820695,
ESTAT:AVIA_PAOC(1.0),16/10/23 11:00:00,Q,PAS,PAS_CRD,TOTAL,TOT,LT,2019-Q4,1595661,
ESTAT:AVIA_PAOC(1.0),16/10/23 11:00:00,Q,PAS,PAS_CRD,TOTAL,TOT,LT,2020-Q1,1104646,
ESTAT:AVIA_PAOC(1.0),16/10/23 11:00:00,Q,PAS,PAS_CRD,TOTAL,TOT,LT,2020-Q2,48003,
ESTAT:AVIA_PAOC(1.0),16/10/23 11:00:00,Q,PAS,PAS_CRD,TOTAL,TOT,LT,2020-Q3,480010,
ESTAT:AVIA_PAOC(1.0),16/10/23 11:00:00,Q,PAS,PAS_CRD,TOTAL,TOT,LT,2020-Q4,171841,
ESTAT:AVIA_PAOC(1.0),16/10/23 11:00:00,Q,PAS,PAS_CRD,TOTAL,TOT,LT,2021-Q1,147429,
ESTAT:AVIA_PAOC(1.0),16/10/23 11:00:00,Q,PAS,PAS_CRD,TOTAL,TOT,LT,2021-Q2,329551,
ESTAT:AVIA_PAOC(1.0),16/10/23 11:00:00,Q,PAS,PAS_CRD,TOTAL,TOT,LT,2021-Q3,1018583,
ESTAT:AVIA_PAOC(1.0),16/10/23 11:00:00,Q,PAS,PAS_CRD,TOTAL,TOT,LT,2021-Q4,969040,
ESTAT:AVIA_PAOC(1.0),16/10/23 11:00:00,Q,PAS,PAS_CRD,TOTAL,TOT,LT,2022-Q1,812934,
ESTAT:AVIA_PAOC(1.0),16/10/23 11:00:00,Q,PAS,PAS_CRD,TOTAL,TOT,LT,2022-Q2,1530855,
ESTAT:AVIA_PAOC(1.0),16/10/23 11:00:00,Q,PAS,PAS_CRD,TOTAL,TOT,LT,2022-Q3,1677091,
ESTAT:AVIA_PAOC(1.0),16/10/23 11:00:00,Q,PAS,PAS_CRD,TOTAL,TOT,LT,2022-Q4,1313010,
ESTAT:AVIA_PAOC(1.0),16/10/23 11:00:00,Q,PAS,PAS_CRD,TOTAL,TOT,LT,2023-Q1,1171226,
ESTAT:AVIA_PAOC(1.0),16/10/23 11:00:00,Q,PAS,PAS_CRD,TOTAL,TOT,LT,2023-Q2,1635969,
ESTAT:AVIA_PAOC(1.0),16/10/23 11:00:00,Q,PAS,PAS_CRD,TOTAL,TOT,LU,2018-Q1,775578,
ESTAT:AVIA_PAOC(1.0),16/10/23 11:00:00,Q,PAS,PAS_CRD,TOTAL,TOT,LU,2018-Q2,1089975,
ESTAT:AVIA_PAOC(1.0),16/10/23 11:00:00,Q,PAS,PAS_CRD,TOTAL,TOT,LU,2018-Q3,1162655,
ESTAT:AVIA_PAOC(1.0),16/10/23 11:00:00,Q,PAS,PAS_CRD,TOTAL,TOT,LU,2018-Q4,960596,
ESTAT:AVIA_PAOC(1.0),16/10/23 11:00:00,Q,PAS,PAS_CRD,TOTAL,TOT,LU,2019-Q1,847540,
ESTAT:AVIA_PAOC(1.0),16/10/23 11:00:00,Q,PAS,PAS_CRD,TOTAL,TOT,LU,2019-Q2,1185171,
ESTAT:AVIA_PAOC(1.0),16/10/23 11:00:00,Q,PAS,PAS_CRD,TOTAL,TOT,LU,2019-Q3,1260630,
ESTAT:AVIA_PAOC(1.0),16/10/23 11:00:00,Q,PAS,PAS_CRD,TOTAL,TOT,LU,2019-Q4,1072228,
ESTAT:AVIA_PAOC(1.0),16/10/23 11:00:00,Q,PAS,PAS_CRD,TOTAL,TOT,LU,2020-Q1,713491,
ESTAT:AVIA_PAOC(1.0),16/10/23 11:00:00,Q,PAS,PAS_CRD,TOTAL,TOT,LU,2020-Q2,37270,
ESTAT:AVIA_PAOC(1.0),16/10/23 11:00:00,Q,PAS,PAS_CRD,TOTAL,TOT,LU,2020-Q3,440731,
ESTAT:AVIA_PAOC(1.0),16/10/23 11:00:00,Q,PAS,PAS_CRD,TOTAL,TOT,LU,2020-Q4,234818,
ESTAT:AVIA_PAOC(1.0),16/10/23 11:00:00,Q,PAS,PAS_CRD,TOTAL,TOT,LU,2021-Q1,140540,
ESTAT:AVIA_PAOC(1.0),16/10/23 11:00:00,Q,PAS,PAS_CRD,TOTAL,TOT,LU,2021-Q2,345329,
ESTAT:AVIA_PAOC(1.0),16/10/23 11:00:00,Q,PAS,PAS_CRD,TOTAL,TOT,LU,2021-Q3,792950,
ESTAT:AVIA_PAOC(1.0),16/10/23 11:00:00,Q,PAS,PAS_CRD,TOTAL,TOT,LU,2021-Q4,724084,
ESTAT:AVIA_PAOC(1.0),16/10/23 11:00:00,Q,PAS,PAS_CRD,TOTAL,TOT,LU,2022-Q1,582145,
ESTAT:AVIA_PAOC(1.0),16/10/23 11:00:00,Q,PAS,PAS_CRD,TOTAL,TOT,LU,2022-Q2,1140318,
ESTAT:AVIA_PAOC(1.0),16/10/23 11:00:00,Q,PAS,PAS_CRD,TOTAL,TOT,LU,2022-Q3,1301482,
ESTAT:AVIA_PAOC(1.0),16/10/23 11:00:00,Q,PAS,PAS_CRD,TOTAL,TOT,LU,2022-Q4,1033302,
ESTAT:AVIA_PAOC(1.0),16/10/23 11:00:00,Q,PAS,PAS_CRD,TOTAL,TOT,LU,2023-Q1,922493,
ESTAT:AVIA_PAOC(1.0),16/10/23 11:00:00,Q,PAS,PAS_CRD,TOTAL,TOT,LU,2023-Q2,1298103,
ESTAT:AVIA_PAOC(1.0),16/10/23 11:00:00,Q,PAS,PAS_CRD,TOTAL,TOT,LV,2018-Q1,1349638,
ESTAT:AVIA_PAOC(1.0),16/10/23 11:00:00,Q,PAS,PAS_CRD,TOTAL,TOT,LV,2018-Q2,1886549,
ESTAT:AVIA_PAOC(1.0),16/10/23 11:00:00,Q,PAS,PAS_CRD,TOTAL,TOT,LV,2018-Q3,2130184,
ESTAT:AVIA_PAOC(1.0),16/10/23 11:00:00,Q,PAS,PAS_CRD,TOTAL,TOT,LV,2018-Q4,1670699,
ESTAT:AVIA_PAOC(1.0),16/10/23 11:00:00,Q,PAS,PAS_CRD,TOTAL,TOT,LV,2019-Q1,1428265,
ESTAT:AVIA_PAOC(1.0),16/10/23 11:00:00,Q,PAS,PAS_CRD,TOTAL,TOT,LV,2019-Q2,2123224,
ESTAT:AVIA_PAOC(1.0),16/10/23 11:00:00,Q,PAS,PAS_CRD,TOTAL,TOT,LV,2019-Q3,2398895,
ESTAT:AVIA_PAOC(1.0),16/10/23 11:00:00,Q,PAS,PAS_CRD,TOTAL,TOT,LV,2019-Q4,1835342,
ESTAT:AVIA_PAOC(1.0),16/10/23 11:00:00,Q,PAS,PAS_CRD,TOTAL,TOT,LV,2020-Q1,1247672,
ESTAT:AVIA_PAOC(1.0),16/10/23 11:00:00,Q,PAS,PAS_CRD,TOTAL,TOT,LV,2020-Q2,67041,
ESTAT:AVIA_PAOC(1.0),16/10/23 11:00:00,Q,PAS,PAS_CRD,TOTAL,TOT,LV,2020-Q3,485201,
ESTAT:AVIA_PAOC(1.0),16/10/23 11:00:00,Q,PAS,PAS_CRD,TOTAL,TOT,LV,2020-Q4,195219,
ESTAT:AVIA_PAOC(1.0),16/10/23 11:00:00,Q,PAS,PAS_CRD,TOTAL,TOT,LV,2021-Q1,103236,
ESTAT:AVIA_PAOC(1.0),16/10/23 11:00:00,Q,PAS,PAS_CRD,TOTAL,TOT,LV,2021-Q2,294118,
ESTAT:AVIA_PAOC(1.0),16/10/23 11:00:00,Q,PAS,PAS_CRD,TOTAL,TOT,LV,2021-Q3,1016277,
ESTAT:AVIA_PAOC(1.0),16/10/23 11:00:00,Q,PAS,PAS_CRD,TOTAL,TOT,LV,2021-Q4,922503,
ESTAT:AVIA_PAOC(1.0),16/10/23 11:00:00,Q,PAS,PAS_CRD,TOTAL,TOT,LV,2022-Q1,775336,
ESTAT:AVIA_PAOC(1.0),16/10/23 11:00:00,Q,PAS,PAS_CRD,TOTAL,TOT,LV,2022-Q2,1438724,
ESTAT:AVIA_PAOC(1.0),16/10/23 11:00:00,Q,PAS,PAS_CRD,TOTAL,TOT,LV,2022-Q3,1711311,
ESTAT:AVIA_PAOC(1.0),16/10/23 11:00:00,Q,PAS,PAS_CRD,TOTAL,TOT,LV,2022-Q4,1442998,
ESTAT:AVIA_PAOC(1.0),16/10/23 11:00:00,Q,PAS,PAS_CRD,TOTAL,TOT,LV,2023-Q1,1257707,
ESTAT:AVIA_PAOC(1.0),16/10/23 11:00:00,Q,PAS,PAS_CRD,TOTAL,TOT,LV,2023-Q2,1781247,
ESTAT:AVIA_PAOC(1.0),16/10/23 11:00:00,Q,PAS,PAS_CRD,TOTAL,TOT,ME,2018-Q1,239107,
ESTAT:AVIA_PAOC(1.0),16/10/23 11:00:00,Q,PAS,PAS_CRD,TOTAL,TOT,ME,2018-Q2,648379,
ESTAT:AVIA_PAOC(1.0),16/10/23 11:00:00,Q,PAS,PAS_CRD,TOTAL,TOT,ME,2018-Q3,1205807,
ESTAT:AVIA_PAOC(1.0),16/10/23 11:00:00,Q,PAS,PAS_CRD,TOTAL,TOT,ME,2018-Q4,347193,
ESTAT:AVIA_PAOC(1.0),16/10/23 11:00:00,Q,PAS,PAS_CRD,TOTAL,TOT,ME,2019-Q1,256332,
ESTAT:AVIA_PAOC(1.0),16/10/23 11:00:00,Q,PAS,PAS_CRD,TOTAL,TOT,ME,2019-Q2,713747,
ESTAT:AVIA_PAOC(1.0),16/10/23 11:00:00,Q,PAS,PAS_CRD,TOTAL,TOT,ME,2019-Q3,1283003,
ESTAT:AVIA_PAOC(1.0),16/10/23 11:00:00,Q,PAS,PAS_CRD,TOTAL,TOT,ME,2019-Q4,399719,
ESTAT:AVIA_PAOC(1.0),16/10/23 11:00:00,Q,PAS,PAS_CRD,TOTAL,TOT,ME,2020-Q1,228220,
ESTAT:AVIA_PAOC(1.0),16/10/23 11:00:00,Q,PAS,PAS_CRD,TOTAL,TOT,ME,2020-Q2,9210,
ESTAT:AVIA_PAOC(1.0),16/10/23 11:00:00,Q,PAS,PAS_CRD,TOTAL,TOT,ME,2020-Q3,203968,
ESTAT:AVIA_PAOC(1.0),16/10/23 11:00:00,Q,PAS,PAS_CRD,TOTAL,TOT,ME,2020-Q4,80561,
ESTAT:AVIA_PAOC(1.0),16/10/23 11:00:00,Q,PAS,PAS_CRD,TOTAL,TOT,ME,2021-Q1,65642,
ESTAT:AVIA_PAOC(1.0),16/10/23 11:00:00,Q,PAS,PAS_CRD,TOTAL,TOT,ME,2021-Q2,220585,
ESTAT:AVIA_PAOC(1.0),16/10/23 11:00:00,Q,PAS,PAS_CRD,TOTAL,TOT,ME,2021-Q3,797575,
ESTAT:AVIA_PAOC(1.0),16/10/23 11:00:00,Q,PAS,PAS_CRD,TOTAL,TOT,ME,2021-Q4,225464,
ESTAT:AVIA_PAOC(1.0),16/10/23 11:00:00,Q,PAS,PAS_CRD,TOTAL,TOT,ME,2022-Q1,169994,
ESTAT:AVIA_PAOC(1.0),16/10/23 11:00:00,Q,PAS,PAS_CRD,TOTAL,TOT,ME,2022-Q2,506549,
ESTAT:AVIA_PAOC(1.0),16/10/23 11:00:00,Q,PAS,PAS_CRD,TOTAL,TOT,ME,2022-Q3,856748,
ESTAT:AVIA_PAOC(1.0),16/10/23 11:00:00,Q,PAS,PAS_CRD,TOTAL,TOT,ME,2022-Q4,375261,
ESTAT:AVIA_PAOC(1.0),16/10/23 11:00:00,Q,PAS,PAS_CRD,TOTAL,TOT,ME,2023-Q1,303284,
ESTAT:AVIA_PAOC(1.0),16/10/23 11:00:00,Q,PAS,PAS_CRD,TOTAL,TOT,ME,2023-Q2,664531,
ESTAT:AVIA_PAOC(1.0),16/10/23 11:00:00,Q,PAS,PAS_CRD,TOTAL,TOT,MK,2018-Q1,430197,
ESTAT:AVIA_PAOC(1.0),16/10/23 11:00:00,Q,PAS,PAS_CRD,TOTAL,TOT,MK,2018-Q2,543526,
ESTAT:AVIA_PAOC(1.0),16/10/23 11:00:00,Q,PAS,PAS_CRD,TOTAL,TOT,MK,2018-Q3,682719,
ESTAT:AVIA_PAOC(1.0),16/10/23 11:00:00,Q,PAS,PAS_CRD,TOTAL,TOT,MK,2018-Q4,496304,
ESTAT:AVIA_PAOC(1.0),16/10/23 11:00:00,Q,PAS,PAS_CRD,TOTAL,TOT,MK,2019-Q1,454107,
ESTAT:AVIA_PAOC(1.0),16/10/23 11:00:00,Q,PAS,PAS_CRD,TOTAL,TOT,MK,2019-Q2,602715,
ESTAT:AVIA_PAOC(1.0),16/10/23 11:00:00,Q,PAS,PAS_CRD,TOTAL,TOT,MK,2019-Q3,737178,
ESTAT:AVIA_PAOC(1.0),16/10/23 11:00:00,Q,PAS,PAS_CRD,TOTAL,TOT,MK,2019-Q4,559327,
ESTAT:AVIA_PAOC(1.0),16/10/23 11:00:00,Q,PAS,PAS_CRD,TOTAL,TOT,MK,2020-Q1,383117,
ESTAT:AVIA_PAOC(1.0),16/10/23 11:00:00,Q,PAS,PAS_CRD,TOTAL,TOT,MK,2020-Q2,2738,
ESTAT:AVIA_PAOC(1.0),16/10/23 11:00:00,Q,PAS,PAS_CRD,TOTAL,TOT,MK,2020-Q3,178972,
ESTAT:AVIA_PAOC(1.0),16/10/23 11:00:00,Q,PAS,PAS_CRD,TOTAL,TOT,MK,2020-Q4,144414,
ESTAT:AVIA_PAOC(1.0),16/10/23 11:00:00,Q,PAS,PAS_CRD,TOTAL,TOT,MK,2021-Q1,148420,
ESTAT:AVIA_PAOC(1.0),16/10/23 11:00:00,Q,PAS,PAS_CRD,TOTAL,TOT,MK,2021-Q2,225469,
ESTAT:AVIA_PAOC(1.0),16/10/23 11:00:00,Q,PAS,PAS_CRD,TOTAL,TOT,MK,2021-Q3,532159,
ESTAT:AVIA_PAOC(1.0),16/10/23 11:00:00,Q,PAS,PAS_CRD,TOTAL,TOT,MK,2021-Q4,360182,
ESTAT:AVIA_PAOC(1.0),16/10/23 11:00:00,Q,PAS,PAS_CRD,TOTAL,TOT,MK,2022-Q1,327852,
ESTAT:AVIA_PAOC(1.0),16/10/23 11:00:00,Q,PAS,PAS_CRD,TOTAL,TOT,MK,2022-Q2,533098,
ESTAT:AVIA_PAOC(1.0),16/10/23 11:00:00,Q,PAS,PAS_CRD,TOTAL,TOT,MK,2022-Q3,761466,
ESTAT:AVIA_PAOC(1.0),16/10/23 11:00:00,Q,PAS,PAS_CRD,TOTAL,TOT,MK,2022-Q4,512572,
ESTAT:AVIA_PAOC(1.0),16/10/23 11:00:00,Q,PAS,PAS_CRD,TOTAL,TOT,MK,2023-Q1,493096,
ESTAT:AVIA_PAOC(1.0),16/10/23 11:00:00,Q,PAS,PAS_CRD,TOTAL,TOT,MT,2018-Q1,1172266,
ESTAT:AVIA_PAOC(1.0),16/10/23 11:00:00,Q,PAS,PAS_CRD,TOTAL,TOT,MT,2018-Q2,1897319,
ESTAT:AVIA_PAOC(1.0),16/10/23 11:00:00,Q,PAS,PAS_CRD,TOTAL,TOT,MT,2018-Q3,2222074,
ESTAT:AVIA_PAOC(1.0),16/10/23 11:00:00,Q,PAS,PAS_CRD,TOTAL,TOT,MT,2018-Q4,1514158,
ESTAT:AVIA_PAOC(1.0),16/10/23 11:00:00,Q,PAS,PAS_CRD,TOTAL,TOT,MT,2019-Q1,1203104,
ESTAT:AVIA_PAOC(1.0),16/10/23 11:00:00,Q,PAS,PAS_CRD,TOTAL,TOT,MT,2019-Q2,2051858,
ESTAT:AVIA_PAOC(1.0),16/10/23 11:00:00,Q,PAS,PAS_CRD,TOTAL,TOT,MT,2019-Q3,2387627,
ESTAT:AVIA_PAOC(1.0),16/10/23 11:00:00,Q,PAS,PAS_CRD,TOTAL,TOT,MT,2019-Q4,1675768,
ESTAT:AVIA_PAOC(1.0),16/10/23 11:00:00,Q,PAS,PAS_CRD,TOTAL,TOT,MT,2020-Q1,1010292,
ESTAT:AVIA_PAOC(1.0),16/10/23 11:00:00,Q,PAS,PAS_CRD,TOTAL,TOT,MT,2020-Q2,9022,
ESTAT:AVIA_PAOC(1.0),16/10/23 11:00:00,Q,PAS,PAS_CRD,TOTAL,TOT,MT,2020-Q3,535286,
ESTAT:AVIA_PAOC(1.0),16/10/23 11:00:00,Q,PAS,PAS_CRD,TOTAL,TOT,MT,2020-Q4,197845,
ESTAT:AVIA_PAOC(1.0),16/10/23 11:00:00,Q,PAS,PAS_CRD,TOTAL,TOT,MT,2021-Q1,99529,
ESTAT:AVIA_PAOC(1.0),16/10/23 11:00:00,Q,PAS,PAS_CRD,TOTAL,TOT,MT,2021-Q2,307334,
ESTAT:AVIA_PAOC(1.0),16/10/23 11:00:00,Q,PAS,PAS_CRD,TOTAL,TOT,MT,2021-Q3,1139745,
ESTAT:AVIA_PAOC(1.0),16/10/23 11:00:00,Q,PAS,PAS_CRD,TOTAL,TOT,MT,2021-Q4,1001304,
ESTAT:AVIA_PAOC(1.0),16/10/23 11:00:00,Q,PAS,PAS_CRD,TOTAL,TOT,MT,2022-Q1,674737,
ESTAT:AVIA_PAOC(1.0),16/10/23 11:00:00,Q,PAS,PAS_CRD,TOTAL,TOT,MT,2022-Q2,1675322,
ESTAT:AVIA_PAOC(1.0),16/10/23 11:00:00,Q,PAS,PAS_CRD,TOTAL,TOT,MT,2022-Q3,2063140,
ESTAT:AVIA_PAOC(1.0),16/10/23 11:00:00,Q,PAS,PAS_CRD,TOTAL,TOT,MT,2022-Q4,1448398,
ESTAT:AVIA_PAOC(1.0),16/10/23 11:00:00,Q,PAS,PAS_CRD,TOTAL,TOT,MT,2023-Q1,1247725,
ESTAT:AVIA_PAOC(1.0),16/10/23 11:00:00,Q,PAS,PAS_CRD,TOTAL,TOT,MT,2023-Q2,2191651,
ESTAT:AVIA_PAOC(1.0),16/10/23 11:00:00,Q,PAS,PAS_CRD,TOTAL,TOT,NL,2018-Q1,16807166,
ESTAT:AVIA_PAOC(1.0),16/10/23 11:00:00,Q,PAS,PAS_CRD,TOTAL,TOT,NL,2018-Q2,21236948,
ESTAT:AVIA_PAOC(1.0),16/10/23 11:00:00,Q,PAS,PAS_CRD,TOTAL,TOT,NL,2018-Q3,22783522,
ESTAT:AVIA_PAOC(1.0),16/10/23 11:00:00,Q,PAS,PAS_CRD,TOTAL,TOT,NL,2018-Q4,18816527,
ESTAT:AVIA_PAOC(1.0),16/10/23 11:00:00,Q,PAS,PAS_CRD,TOTAL,TOT,NL,2019-Q1,17125757,
ESTAT:AVIA_PAOC(1.0),16/10/23 11:00:00,Q,PAS,PAS_CRD,TOTAL,TOT,NL,2019-Q2,21804438,
ESTAT:AVIA_PAOC(1.0),16/10/23 11:00:00,Q,PAS,PAS_CRD,TOTAL,TOT,NL,2019-Q3,23080182,
ESTAT:AVIA_PAOC(1.0),16/10/23 11:00:00,Q,PAS,PAS_CRD,TOTAL,TOT,NL,2019-Q4,19182130,
ESTAT:AVIA_PAOC(1.0),16/10/23 11:00:00,Q,PAS,PAS_CRD,TOTAL,TOT,NL,2020-Q1,13652736,
ESTAT:AVIA_PAOC(1.0),16/10/23 11:00:00,Q,PAS,PAS_CRD,TOTAL,TOT,NL,2020-Q2,881756,
ESTAT:AVIA_PAOC(1.0),16/10/23 11:00:00,Q,PAS,PAS_CRD,TOTAL,TOT,NL,2020-Q3,5484237,
ESTAT:AVIA_PAOC(1.0),16/10/23 11:00:00,Q,PAS,PAS_CRD,TOTAL,TOT,NL,2020-Q4,3576054,
ESTAT:AVIA_PAOC(1.0),16/10/23 11:00:00,Q,PAS,PAS_CRD,TOTAL,TOT,NL,2021-Q1,2107194,
ESTAT:AVIA_PAOC(1.0),16/10/23 11:00:00,Q,PAS,PAS_CRD,TOTAL,TOT,NL,2021-Q2,3861348,
ESTAT:AVIA_PAOC(1.0),16/10/23 11:00:00,Q,PAS,PAS_CRD,TOTAL,TOT,NL,2021-Q3,12012145,
ESTAT:AVIA_PAOC(1.0),16/10/23 11:00:00,Q,PAS,PAS_CRD,TOTAL,TOT,NL,2021-Q4,11101896,
ESTAT:AVIA_PAOC(1.0),16/10/23 11:00:00,Q,PAS,PAS_CRD,TOTAL,TOT,NL,2022-Q1,10117098,
ESTAT:AVIA_PAOC(1.0),16/10/23 11:00:00,Q,PAS,PAS_CRD,TOTAL,TOT,NL,2022-Q2,17357250,
ESTAT:AVIA_PAOC(1.0),16/10/23 11:00:00,Q,PAS,PAS_CRD,TOTAL,TOT,NL,2022-Q3,18705013,
ESTAT:AVIA_PAOC(1.0),16/10/23 11:00:00,Q,PAS,PAS_CRD,TOTAL,TOT,NL,2022-Q4,15110410,
ESTAT:AVIA_PAOC(1.0),16/10/23 11:00:00,Q,PAS,PAS_CRD,TOTAL,TOT,NL,2023-Q1,14109518,
ESTAT:AVIA_PAOC(1.0),16/10/23 11:00:00,Q,PAS,PAS_CRD,TOTAL,TOT,NL,2023-Q2,18971662,
ESTAT:AVIA_PAOC(1.0),16/10/23 11:00:00,Q,PAS,PAS_CRD,TOTAL,TOT,NO,2018-Q1,8494892,
ESTAT:AVIA_PAOC(1.0),16/10/23 11:00:00,Q,PAS,PAS_CRD,TOTAL,TOT,NO,2018-Q2,10560358,
ESTAT:AVIA_PAOC(1.0),16/10/23 11:00:00,Q,PAS,PAS_CRD,TOTAL,TOT,NO,2018-Q3,11568350,
ESTAT:AVIA_PAOC(1.0),16/10/23 11:00:00,Q,PAS,PAS_CRD,TOTAL,TOT,NO,2018-Q4,9406505,
ESTAT:AVIA_PAOC(1.0),16/10/23 11:00:00,Q,PAS,PAS_CRD,TOTAL,TOT,NO,2019-Q1,8739166,
ESTAT:AVIA_PAOC(1.0),16/10/23 11:00:00,Q,PAS,PAS_CRD,TOTAL,TOT,NO,2019-Q2,10534036,
ESTAT:AVIA_PAOC(1.0),16/10/23 11:00:00,Q,PAS,PAS_CRD,TOTAL,TOT,NO,2019-Q3,11635983,
ESTAT:AVIA_PAOC(1.0),16/10/23 11:00:00,Q,PAS,PAS_CRD,TOTAL,TOT,NO,2019-Q4,9439252,
ESTAT:AVIA_PAOC(1.0),16/10/23 11:00:00,Q,PAS,PAS_CRD,TOTAL,TOT,NO,2020-Q1,6974917,
ESTAT:AVIA_PAOC(1.0),16/10/23 11:00:00,Q,PAS,PAS_CRD,TOTAL,TOT,NO,2020-Q2,1085558,
ESTAT:AVIA_PAOC(1.0),16/10/23 11:00:00,Q,PAS,PAS_CRD,TOTAL,TOT,NO,2020-Q3,3111175,
ESTAT:AVIA_PAOC(1.0),16/10/23 11:00:00,Q,PAS,PAS_CRD,TOTAL,TOT,NO,2020-Q4,2045233,
ESTAT:AVIA_PAOC(1.0),16/10/23 11:00:00,Q,PAS,PAS_CRD,TOTAL,TOT,NO,2021-Q1,1362520,
ESTAT:AVIA_PAOC(1.0),16/10/23 11:00:00,Q,PAS,PAS_CRD,TOTAL,TOT,NO,2021-Q2,1904290,
ESTAT:AVIA_PAOC(1.0),16/10/23 11:00:00,Q,PAS,PAS_CRD,TOTAL,TOT,NO,2021-Q3,4880504,
ESTAT:AVIA_PAOC(1.0),16/10/23 11:00:00,Q,PAS,PAS_CRD,TOTAL,TOT,NO,2021-Q4,5989002,
ESTAT:AVIA_PAOC(1.0),16/10/23 11:00:00,Q,PAS,PAS_CRD,TOTAL,TOT,NO,2022-Q1,5038182,
ESTAT:AVIA_PAOC(1.0),16/10/23 11:00:00,Q,PAS,PAS_CRD,TOTAL,TOT,NO,2022-Q2,9119202,
ESTAT:AVIA_PAOC(1.0),16/10/23 11:00:00,Q,PAS,PAS_CRD,TOTAL,TOT,NO,2022-Q3,10093535,
ESTAT:AVIA_PAOC(1.0),16/10/23 11:00:00,Q,PAS,PAS_CRD,TOTAL,TOT,NO,2022-Q4,8311724,
ESTAT:AVIA_PAOC(1.0),16/10/23 11:00:00,Q,PAS,PAS_CRD,TOTAL,TOT,NO,2023-Q1,7458634,
ESTAT:AVIA_PAOC(1.0),16/10/23 11:00:00,Q,PAS,PAS_CRD,TOTAL,TOT,NO,2023-Q2,9531085,
ESTAT:AVIA_PAOC(1.0),16/10/23 11:00:00,Q,PAS,PAS_CRD,TOTAL,TOT,PL,2018-Q1,8307950,
ESTAT:AVIA_PAOC(1.0),16/10/23 11:00:00,Q,PAS,PAS_CRD,TOTAL,TOT,PL,2018-Q2,11525824,
ESTAT:AVIA_PAOC(1.0),16/10/23 11:00:00,Q,PAS,PAS_CRD,TOTAL,TOT,PL,2018-Q3,14168583,
ESTAT:AVIA_PAOC(1.0),16/10/23 11:00:00,Q,PAS,PAS_CRD,TOTAL,TOT,PL,2018-Q4,9765191,
ESTAT:AVIA_PAOC(1.0),16/10/23 11:00:00,Q,PAS,PAS_CRD,TOTAL,TOT,PL,2019-Q1,8909184,
ESTAT:AVIA_PAOC(1.0),16/10/23 11:00:00,Q,PAS,PAS_CRD,TOTAL,TOT,PL,2019-Q2,12416941,
ESTAT:AVIA_PAOC(1.0),16/10/23 11:00:00,Q,PAS,PAS_CRD,TOTAL,TOT,PL,2019-Q3,14770916,
ESTAT:AVIA_PAOC(1.0),16/10/23 11:00:00,Q,PAS,PAS_CRD,TOTAL,TOT,PL,2019-Q4,10845730,
ESTAT:AVIA_PAOC(1.0),16/10/23 11:00:00,Q,PAS,PAS_CRD,TOTAL,TOT,PL,2020-Q1,7555060,
ESTAT:AVIA_PAOC(1.0),16/10/23 11:00:00,Q,PAS,PAS_CRD,TOTAL,TOT,PL,2020-Q2,112215,
ESTAT:AVIA_PAOC(1.0),16/10/23 11:00:00,Q,PAS,PAS_CRD,TOTAL,TOT,PL,2020-Q3,4483055,
ESTAT:AVIA_PAOC(1.0),16/10/23 11:00:00,Q,PAS,PAS_CRD,TOTAL,TOT,PL,2020-Q4,1675130,
ESTAT:AVIA_PAOC(1.0),16/10/23 11:00:00,Q,PAS,PAS_CRD,TOTAL,TOT,PL,2021-Q1,982605,
ESTAT:AVIA_PAOC(1.0),16/10/23 11:00:00,Q,PAS,PAS_CRD,TOTAL,TOT,PL,2021-Q2,2663594,
ESTAT:AVIA_PAOC(1.0),16/10/23 11:00:00,Q,PAS,PAS_CRD,TOTAL,TOT,PL,2021-Q3,8776899,
ESTAT:AVIA_PAOC(1.0),16/10/23 11:00:00,Q,PAS,PAS_CRD,TOTAL,TOT,PL,2021-Q4,6470714,
ESTAT:AVIA_PAOC(1.0),16/10/23 11:00:00,Q,PAS,PAS_CRD,TOTAL,TOT,PL,2022-Q1,5476029,
ESTAT:AVIA_PAOC(1.0),16/10/23 11:00:00,Q,PAS,PAS_CRD,TOTAL,TOT,PL,2022-Q2,10467440,
ESTAT:AVIA_PAOC(1.0),16/10/23 11:00:00,Q,PAS,PAS_CRD,TOTAL,TOT,PL,2022-Q3,13759109,
ESTAT:AVIA_PAOC(1.0),16/10/23 11:00:00,Q,PAS,PAS_CRD,TOTAL,TOT,PL,2022-Q4,9644964,
ESTAT:AVIA_PAOC(1.0),16/10/23 11:00:00,Q,PAS,PAS_CRD,TOTAL,TOT,PL,2023-Q1,9010818,
ESTAT:AVIA_PAOC(1.0),16/10/23 11:00:00,Q,PAS,PAS_CRD,TOTAL,TOT,PL,2023-Q2,13243818,
ESTAT:AVIA_PAOC(1.0),16/10/23 11:00:00,Q,PAS,PAS_CRD,TOTAL,TOT,PT,2018-Q1,9483974,
ESTAT:AVIA_PAOC(1.0),16/10/23 11:00:00,Q,PAS,PAS_CRD,TOTAL,TOT,PT,2018-Q2,14107473,
ESTAT:AVIA_PAOC(1.0),16/10/23 11:00:00,Q,PAS,PAS_CRD,TOTAL,TOT,PT,2018-Q3,15970246,
ESTAT:AVIA_PAOC(1.0),16/10/23 11:00:00,Q,PAS,PAS_CRD,TOTAL,TOT,PT,2018-Q4,11456905,
ESTAT:AVIA_PAOC(1.0),16/10/23 11:00:00,Q,PAS,PAS_CRD,TOTAL,TOT,PT,2019-Q1,10105791,
ESTAT:AVIA_PAOC(1.0),16/10/23 11:00:00,Q,PAS,PAS_CRD,TOTAL,TOT,PT,2019-Q2,15368892,
ESTAT:AVIA_PAOC(1.0),16/10/23 11:00:00,Q,PAS,PAS_CRD,TOTAL,TOT,PT,2019-Q3,17185753,
ESTAT:AVIA_PAOC(1.0),16/10/23 11:00:00,Q,PAS,PAS_CRD,TOTAL,TOT,PT,2019-Q4,12347458,
ESTAT:AVIA_PAOC(1.0),16/10/23 11:00:00,Q,PAS,PAS_CRD,TOTAL,TOT,PT,2020-Q1,8686233,
ESTAT:AVIA_PAOC(1.0),16/10/23 11:00:00,Q,PAS,PAS_CRD,TOTAL,TOT,PT,2020-Q2,393775,
ESTAT:AVIA_PAOC(1.0),16/10/23 11:00:00,Q,PAS,PAS_CRD,TOTAL,TOT,PT,2020-Q3,4734368,
ESTAT:AVIA_PAOC(1.0),16/10/23 11:00:00,Q,PAS,PAS_CRD,TOTAL,TOT,PT,2020-Q4,2734617,
ESTAT:AVIA_PAOC(1.0),16/10/23 11:00:00,Q,PAS,PAS_CRD,TOTAL,TOT,PT,2021-Q1,1211568,
ESTAT:AVIA_PAOC(1.0),16/10/23 11:00:00,Q,PAS,PAS_CRD,TOTAL,TOT,PT,2021-Q2,3358318,
ESTAT:AVIA_PAOC(1.0),16/10/23 11:00:00,Q,PAS,PAS_CRD,TOTAL,TOT,PT,2021-Q3,8982972,
ESTAT:AVIA_PAOC(1.0),16/10/23 11:00:00,Q,PAS,PAS_CRD,TOTAL,TOT,PT,2021-Q4,8794834,
ESTAT:AVIA_PAOC(1.0),16/10/23 11:00:00,Q,PAS,PAS_CRD,TOTAL,TOT,PT,2022-Q1,8490479,
ESTAT:AVIA_PAOC(1.0),16/10/23 11:00:00,Q,PAS,PAS_CRD,TOTAL,TOT,PT,2022-Q2,16001034,
ESTAT:AVIA_PAOC(1.0),16/10/23 11:00:00,Q,PAS,PAS_CRD,TOTAL,TOT,PT,2022-Q3,18557156,
ESTAT:AVIA_PAOC(1.0),16/10/23 11:00:00,Q,PAS,PAS_CRD,TOTAL,TOT,PT,2022-Q4,14033054,
ESTAT:AVIA_PAOC(1.0),16/10/23 11:00:00,Q,PAS,PAS_CRD,TOTAL,TOT,PT,2023-Q1,12528342,
ESTAT:AVIA_PAOC(1.0),16/10/23 11:00:00,Q,PAS,PAS_CRD,TOTAL,TOT,RO,2018-Q1,3924501,
ESTAT:AVIA_PAOC(1.0),16/10/23 11:00:00,Q,PAS,PAS_CRD,TOTAL,TOT,RO,2018-Q2,5062922,
ESTAT:AVIA_PAOC(1.0),16/10/23 11:00:00,Q,PAS,PAS_CRD,TOTAL,TOT,RO,2018-Q3,6096735,
ESTAT:AVIA_PAOC(1.0),16/10/23 11:00:00,Q,PAS,PAS_CRD,TOTAL,TOT,RO,2018-Q4,4725484,
ESTAT:AVIA_PAOC(1.0),16/10/23 11:00:00,Q,PAS,PAS_CRD,TOTAL,TOT,RO,2019-Q1,4309952,
ESTAT:AVIA_PAOC(1.0),16/10/23 11:00:00,Q,PAS,PAS_CRD,TOTAL,TOT,RO,2019-Q2,5572860,
ESTAT:AVIA_PAOC(1.0),16/10/23 11:00:00,Q,PAS,PAS_CRD,TOTAL,TOT,RO,2019-Q3,6569437,
ESTAT:AVIA_PAOC(1.0),16/10/23 11:00:00,Q,PAS,PAS_CRD,TOTAL,TOT,RO,2019-Q4,5113616,
ESTAT:AVIA_PAOC(1.0),16/10/23 11:00:00,Q,PAS,PAS_CRD,TOTAL,TOT,RO,2020-Q1,3568365,
ESTAT:AVIA_PAOC(1.0),16/10/23 11:00:00,Q,PAS,PAS_CRD,TOTAL,TOT,RO,2020-Q2,205850,
ESTAT:AVIA_PAOC(1.0),16/10/23 11:00:00,Q,PAS,PAS_CRD,TOTAL,TOT,RO,2020-Q3,1890849,
ESTAT:AVIA_PAOC(1.0),16/10/23 11:00:00,Q,PAS,PAS_CRD,TOTAL,TOT,RO,2020-Q4,968383,
ESTAT:AVIA_PAOC(1.0),16/10/23 11:00:00,Q,PAS,PAS_CRD,TOTAL,TOT,RO,2021-Q1,819921,
ESTAT:AVIA_PAOC(1.0),16/10/23 11:00:00,Q,PAS,PAS_CRD,TOTAL,TOT,RO,2021-Q2,1903975,
ESTAT:AVIA_PAOC(1.0),16/10/23 11:00:00,Q,PAS,PAS_CRD,TOTAL,TOT,RO,2021-Q3,4661202,
ESTAT:AVIA_PAOC(1.0),16/10/23 11:00:00,Q,PAS,PAS_CRD,TOTAL,TOT,RO,2021-Q4,2999515,
ESTAT:AVIA_PAOC(1.0),16/10/23 11:00:00,Q,PAS,PAS_CRD,TOTAL,TOT,RO,2022-Q1,2869678,
ESTAT:AVIA_PAOC(1.0),16/10/23 11:00:00,Q,PAS,PAS_CRD,TOTAL,TOT,RO,2022-Q2,5448894,
ESTAT:AVIA_PAOC(1.0),16/10/23 11:00:00,Q,PAS,PAS_CRD,TOTAL,TOT,RO,2022-Q3,6316927,
ESTAT:AVIA_PAOC(1.0),16/10/23 11:00:00,Q,PAS,PAS_CRD,TOTAL,TOT,RO,2022-Q4,4900452,
ESTAT:AVIA_PAOC(1.0),16/10/23 11:00:00,Q,PAS,PAS_CRD,TOTAL,TOT,RO,2023-Q1,4629394,
ESTAT:AVIA_PAOC(1.0),16/10/23 11:00:00,Q,PAS,PAS_CRD,TOTAL,TOT,RS,2018-Q1,1007228,
ESTAT:AVIA_PAOC(1.0),16/10/23 11:00:00,Q,PAS,PAS_CRD,TOTAL,TOT,RS,2018-Q2,1440357,
ESTAT:AVIA_PAOC(1.0),16/10/23 11:00:00,Q,PAS,PAS_CRD,TOTAL,TOT,RS,2018-Q3,1846794,
ESTAT:AVIA_PAOC(1.0),16/10/23 11:00:00,Q,PAS,PAS_CRD,TOTAL,TOT,RS,2018-Q4,1226871,
ESTAT:AVIA_PAOC(1.0),16/10/23 11:00:00,Q,PAS,PAS_CRD,TOTAL,TOT,RS,2019-Q1,1110369,
ESTAT:AVIA_PAOC(1.0),16/10/23 11:00:00,Q,PAS,PAS_CRD,TOTAL,TOT,RS,2019-Q2,1665482,
ESTAT:AVIA_PAOC(1.0),16/10/23 11:00:00,Q,PAS,PAS_CRD,TOTAL,TOT,RS,2019-Q3,2138525,
ESTAT:AVIA_PAOC(1.0),16/10/23 11:00:00,Q,PAS,PAS_CRD,TOTAL,TOT,RS,2019-Q4,1536267,
ESTAT:AVIA_PAOC(1.0),16/10/23 11:00:00,Q,PAS,PAS_CRD,TOTAL,TOT,RS,2020-Q1,1018393,
ESTAT:AVIA_PAOC(1.0),16/10/23 11:00:00,Q,PAS,PAS_CRD,TOTAL,TOT,RS,2020-Q2,94587,
ESTAT:AVIA_PAOC(1.0),16/10/23 11:00:00,Q,PAS,PAS_CRD,TOTAL,TOT,RS,2020-Q3,509492,
ESTAT:AVIA_PAOC(1.0),16/10/23 11:00:00,Q,PAS,PAS_CRD,TOTAL,TOT,RS,2020-Q4,315996,
ESTAT:AVIA_PAOC(1.0),16/10/23 11:00:00,Q,PAS,PAS_CRD,TOTAL,TOT,RS,2021-Q1,288869,
ESTAT:AVIA_PAOC(1.0),16/10/23 11:00:00,Q,PAS,PAS_CRD,TOTAL,TOT,RS,2021-Q2,655573,
ESTAT:AVIA_PAOC(1.0),16/10/23 11:00:00,Q,PAS,PAS_CRD,TOTAL,TOT,RS,2021-Q3,1589518,
ESTAT:AVIA_PAOC(1.0),16/10/23 11:00:00,Q,PAS,PAS_CRD,TOTAL,TOT,RS,2021-Q4,897790,
ESTAT:AVIA_PAOC(1.0),16/10/23 11:00:00,Q,PAS,PAS_CRD,TOTAL,TOT,RS,2022-Q1,793030,
ESTAT:AVIA_PAOC(1.0),16/10/23 11:00:00,Q,PAS,PAS_CRD,TOTAL,TOT,RS,2022-Q2,1500529,
ESTAT:AVIA_PAOC(1.0),16/10/23 11:00:00,Q,PAS,PAS_CRD,TOTAL,TOT,SE,2018-Q1,8390267,
ESTAT:AVIA_PAOC(1.0),16/10/23 11:00:00,Q,PAS,PAS_CRD,TOTAL,TOT,SE,2018-Q2,10507656,
ESTAT:AVIA_PAOC(1.0),16/10/23 11:00:00,Q,PAS,PAS_CRD,TOTAL,TOT,SE,2018-Q3,11033629,
ESTAT:AVIA_PAOC(1.0),16/10/23 11:00:00,Q,PAS,PAS_CRD,TOTAL,TOT,SE,2018-Q4,9013544,
ESTAT:AVIA_PAOC(1.0),16/10/23 11:00:00,Q,PAS,PAS_CRD,TOTAL,TOT,SE,2019-Q1,8028163,
ESTAT:AVIA_PAOC(1.0),16/10/23 11:00:00,Q,PAS,PAS_CRD,TOTAL,TOT,SE,2019-Q2,10162554,
ESTAT:AVIA_PAOC(1.0),16/10/23 11:00:00,Q,PAS,PAS_CRD,TOTAL,TOT,SE,2019-Q3,10767068,
ESTAT:AVIA_PAOC(1.0),16/10/23 11:00:00,Q,PAS,PAS_CRD,TOTAL,TOT,SE,2019-Q4,8656978,
ESTAT:AVIA_PAOC(1.0),16/10/23 11:00:00,Q,PAS,PAS_CRD,TOTAL,TOT,SE,2020-Q1,6073593,
ESTAT:AVIA_PAOC(1.0),16/10/23 11:00:00,Q,PAS,PAS_CRD,TOTAL,TOT,SE,2020-Q2,282334,
ESTAT:AVIA_PAOC(1.0),16/10/23 11:00:00,Q,PAS,PAS_CRD,TOTAL,TOT,SE,2020-Q3,1590711,
ESTAT:AVIA_PAOC(1.0),16/10/23 11:00:00,Q,PAS,PAS_CRD,TOTAL,TOT,SE,2020-Q4,1371039,
ESTAT:AVIA_PAOC(1.0),16/10/23 11:00:00,Q,PAS,PAS_CRD,TOTAL,TOT,SE,2021-Q1,823559,
ESTAT:AVIA_PAOC(1.0),16/10/23 11:00:00,Q,PAS,PAS_CRD,TOTAL,TOT,SE,2021-Q2,1413542,
ESTAT:AVIA_PAOC(1.0),16/10/23 11:00:00,Q,PAS,PAS_CRD,TOTAL,TOT,SE,2021-Q3,4116127,
ESTAT:AVIA_PAOC(1.0),16/10/23 11:00:00,Q,PAS,PAS_CRD,TOTAL,TOT,SE,2021-Q4,4444781,
ESTAT:AVIA_PAOC(1.0),16/10/23 11:00:00,Q,PAS,PAS_CRD,TOTAL,TOT,SE,2022-Q1,3587294,
ESTAT:AVIA_PAOC(1.0),16/10/23 11:00:00,Q,PAS,PAS_CRD,TOTAL,TOT,SE,2022-Q2,7049126,
ESTAT:AVIA_PAOC(1.0),16/10/23 11:00:00,Q,PAS,PAS_CRD,TOTAL,TOT,SE,2022-Q3,7881197,
ESTAT:AVIA_PAOC(1.0),16/10/23 11:00:00,Q,PAS,PAS_CRD,TOTAL,TOT,SE,2022-Q4,6521195,
ESTAT:AVIA_PAOC(1.0),16/10/23 11:00:00,Q,PAS,PAS_CRD,TOTAL,TOT,SE,2023-Q1,5954153,
ESTAT:AVIA_PAOC(1.0),16/10/23 11:00:00,Q,PAS,PAS_CRD,TOTAL,TOT,SI,2018-Q1,329297,
ESTAT:AVIA_PAOC(1.0),16/10/23 11:00:00,Q,PAS,PAS_CRD,TOTAL,TOT,SI,2018-Q2,501025,
ESTAT:AVIA_PAOC(1.0),16/10/23 11:00:00,Q,PAS,PAS_CRD,TOTAL,TOT,SI,2018-Q3,592841,
ESTAT:AVIA_PAOC(1.0),16/10/23 11:00:00,Q,PAS,PAS_CRD,TOTAL,TOT,SI,2018-Q4,387404,
ESTAT:AVIA_PAOC(1.0),16/10/23 11:00:00,Q,PAS,PAS_CRD,TOTAL,TOT,SI,2019-Q1,341704,
ESTAT:AVIA_PAOC(1.0),16/10/23 11:00:00,Q,PAS,PAS_CRD,TOTAL,TOT,SI,2019-Q2,516459,
ESTAT:AVIA_PAOC(1.0),16/10/23 11:00:00,Q,PAS,PAS_CRD,TOTAL,TOT,SI,2019-Q3,590348,
ESTAT:AVIA_PAOC(1.0),16/10/23 11:00:00,Q,PAS,PAS_CRD,TOTAL,TOT,SI,2019-Q4,270528,
ESTAT:AVIA_PAOC(1.0),16/10/23 11:00:00,Q,PAS,PAS_CRD,TOTAL,TOT,SI,2020-Q1,191342,
ESTAT:AVIA_PAOC(1.0),16/10/23 11:00:00,Q,PAS,PAS_CRD,TOTAL,TOT,SI,2020-Q2,5292,
ESTAT:AVIA_PAOC(1.0),16/10/23 11:00:00,Q,PAS,PAS_CRD,TOTAL,TOT,SI,2020-Q3,70702,
ESTAT:AVIA_PAOC(1.0),16/10/23 11:00:00,Q,PAS,PAS_CRD,TOTAL,TOT,SI,2020-Q4,20451,
ESTAT:AVIA_PAOC(1.0),16/10/23 11:00:00,Q,PAS,PAS_CRD,TOTAL,TOT,SI,2021-Q1,18364,
ESTAT:AVIA_PAOC(1.0),16/10/23 11:00:00,Q,PAS,PAS_CRD,TOTAL,TOT,SI,2021-Q2,51165,
ESTAT:AVIA_PAOC(1.0),16/10/23 11:00:00,Q,PAS,PAS_CRD,TOTAL,TOT,SI,2021-Q3,202300,
ESTAT:AVIA_PAOC(1.0),16/10/23 11:00:00,Q,PAS,PAS_CRD,TOTAL,TOT,SI,2021-Q4,147517,
ESTAT:AVIA_PAOC(1.0),16/10/23 11:00:00,Q,PAS,PAS_CRD,TOTAL,TOT,SI,2022-Q1,125979,
ESTAT:AVIA_PAOC(1.0),16/10/23 11:00:00,Q,PAS,PAS_CRD,TOTAL,TOT,SI,2022-Q2,256469,
ESTAT:AVIA_PAOC(1.0),16/10/23 11:00:00,Q,PAS,PAS_CRD,TOTAL,TOT,SI,2022-Q3,365982,
ESTAT:AVIA_PAOC(1.0),16/10/23 11:00:00,Q,PAS,PAS_CRD,TOTAL,TOT,SI,2022-Q4,220381,
ESTAT:AVIA_PAOC(1.0),16/10/23 11:00:00,Q,PAS,PAS_CRD,TOTAL,TOT,SI,2023-Q1,200760,
ESTAT:AVIA_PAOC(1.0),16/10/23 11:00:00,Q,PAS,PAS_CRD,TOTAL,TOT,SI,2023-Q2,333744,
ESTAT:AVIA_PAOC(1.0),16/10/23 11:00:00,Q,PAS,PAS_CRD,TOTAL,TOT,SK,2018-Q1,433189,
ESTAT:AVIA_PAOC(1.0),16/10/23 11:00:00,Q,PAS,PAS_CRD,TOTAL,TOT,SK,2018-Q2,660563,
ESTAT:AVIA_PAOC(1.0),16/10/23 11:00:00,Q,PAS,PAS_CRD,TOTAL,TOT,SK,2018-Q3,1168788,
ESTAT:AVIA_PAOC(1.0),16/10/23 11:00:00,Q,PAS,PAS_CRD,TOTAL,TOT,SK,2018-Q4,531554,
ESTAT:AVIA_PAOC(1.0),16/10/23 11:00:00,Q,PAS,PAS_CRD,TOTAL,TOT,SK,2019-Q1,468654,
ESTAT:AVIA_PAOC(1.0),16/10/23 11:00:00,Q,PAS,PAS_CRD,TOTAL,TOT,SK,2019-Q2,691295,
ESTAT:AVIA_PAOC(1.0),16/10/23 11:00:00,Q,PAS,PAS_CRD,TOTAL,TOT,SK,2019-Q3,1156530,
ESTAT:AVIA_PAOC(1.0),16/10/23 11:00:00,Q,PAS,PAS_CRD,TOTAL,TOT,SK,2019-Q4,523308,
ESTAT:AVIA_PAOC(1.0),16/10/23 11:00:00,Q,PAS,PAS_CRD,TOTAL,TOT,SK,2020-Q1,338124,
ESTAT:AVIA_PAOC(1.0),16/10/23 11:00:00,Q,PAS,PAS_CRD,TOTAL,TOT,SK,2020-Q2,4868,
ESTAT:AVIA_PAOC(1.0),16/10/23 11:00:00,Q,PAS,PAS_CRD,TOTAL,TOT,SK,2020-Q3,122724,
ESTAT:AVIA_PAOC(1.0),16/10/23 11:00:00,Q,PAS,PAS_CRD,TOTAL,TOT,SK,2020-Q4,34888,
ESTAT:AVIA_PAOC(1.0),16/10/23 11:00:00,Q,PAS,PAS_CRD,TOTAL,TOT,SK,2021-Q1,21157,
ESTAT:AVIA_PAOC(1.0),16/10/23 11:00:00,Q,PAS,PAS_CRD,TOTAL,TOT,SK,2021-Q2,54751,
ESTAT:AVIA_PAOC(1.0),16/10/23 11:00:00,Q,PAS,PAS_CRD,TOTAL,TOT,SK,2021-Q3,370264,
ESTAT:AVIA_PAOC(1.0),16/10/23 11:00:00,Q,PAS,PAS_CRD,TOTAL,TOT,SK,2021-Q4,195906,
ESTAT:AVIA_PAOC(1.0),16/10/23 11:00:00,Q,PAS,PAS_CRD,TOTAL,TOT,SK,2022-Q1,191109,
ESTAT:AVIA_PAOC(1.0),16/10/23 11:00:00,Q,PAS,PAS_CRD,TOTAL,TOT,SK,2022-Q2,495017,
ESTAT:AVIA_PAOC(1.0),16/10/23 11:00:00,Q,PAS,PAS_CRD,TOTAL,TOT,SK,2022-Q3,927299,
ESTAT:AVIA_PAOC(1.0),16/10/23 11:00:00,Q,PAS,PAS_CRD,TOTAL,TOT,SK,2022-Q4,329143,
ESTAT:AVIA_PAOC(1.0),16/10/23 11:00:00,Q,PAS,PAS_CRD,TOTAL,TOT,SK,2023-Q1,303620,
ESTAT:AVIA_PAOC(1.0),16/10/23 11:00:00,Q,PAS,PAS_CRD,TOTAL,TOT,SK,2023-Q2,610279,
ESTAT:AVIA_PAOC(1.0),16/10/23 11:00:00,Q,PAS,PAS_CRD,TOTAL,TOT,UK,2018-Q1,54033292,
ESTAT:AVIA_PAOC(1.0),16/10/23 11:00:00,Q,PAS,PAS_CRD,TOTAL,TOT,UK,2018-Q2,72743391,
ESTAT:AVIA_PAOC(1.0),16/10/23 11:00:00,Q,PAS,PAS_CRD,TOTAL,TOT,UK,2018-Q3,83114481,
ESTAT:AVIA_PAOC(1.0),16/10/23 11:00:00,Q,PAS,PAS_CRD,TOTAL,TOT,UK,2018-Q4,62298991,
ESTAT:AVIA_PAOC(1.0),16/10/23 11:00:00,Q,PAS,PAS_CRD,TOTAL,TOT,UK,2019-Q1,56146916,
ESTAT:AVIA_PAOC(1.0),16/10/23 11:00:00,Q,PAS,PAS_CRD,TOTAL,TOT,UK,2019-Q2,74922769,
ESTAT:AVIA_PAOC(1.0),16/10/23 11:00:00,Q,PAS,PAS_CRD,TOTAL,TOT,UK,2019-Q3,83766483,
ESTAT:AVIA_PAOC(1.0),16/10/23 11:00:00,Q,PAS,PAS_CRD,TOTAL,TOT,UK,2019-Q4,62596212,
ESTAT:AVIA_PAOC(1.0),16/10/23 11:00:00,Q,PAS,PAS_CRD,TOTAL,TOT,UK,2020-Q1,44768259,
ESTAT:AVIA_PAOC(1.0),16/10/23 11:00:00,Q,PAS,PAS_CRD,TOTAL,TOT,UK,2020-Q2,1332837,
ESTAT:AVIA_PAOC(1.0),16/10/23 11:00:00,Q,PAS,PAS_CRD,TOTAL,TOT,UK,2020-Q3,14873535,
